analysis_unit,bootstrap_ci95_high,bootstrap_ci95_low,ci_excludes_zero,comparison,expert,fdr_q_value,layer,mean_diff_high_minus_low,mean_high,mean_low,metric,n_pairs,n_sequences,paired_hedges_g,permutation_p_value_two_sided,significant_after_fdr
video_sequence,0.003636969204022174,0.0014882584107781748,True,occlusion_0_to_1+,DeformableTransformer,0.0009816218574466924,model.14.m.0,0.002591501646364361,0.30485768132773927,0.3022661796813749,inside_probability,12296,76,0.5296260367692602,0.0001999600079984003,True
video_sequence,0.0011215115952066279,-0.0007513050547914115,False,occlusion_0_to_1+,DeformableTransformer,1.0,model.14.m.0,8.159146114579207e-05,0.0016319230997913117,0.0015503316386455198,inside_top1_share,12296,76,0.019554568994530813,0.8904219156168767,False
video_sequence,0.0027003898332608666,0.0005853049437186005,True,occlusion_0_to_1+,DeformableTransformer,0.0047240551889622074,model.14.m.0,0.001696549987375706,-0.0031369754119815805,-0.004833525399357286,inside_minus_ring_probability,12296,76,0.3543159055215645,0.0013997200559888023,True
video_sequence,0.009682490636826685,0.004095952274894504,True,occlusion_0_to_1+,LocalConvTransformer,0.0009816218574466924,model.14.m.0,0.006932201004678833,0.3340016976100517,0.3270694966053729,inside_probability,12296,76,0.5487183368292456,0.0001999600079984003,True
video_sequence,0.10358742717203348,0.04425399843712919,True,occlusion_0_to_1+,LocalConvTransformer,0.0009816218574466924,model.14.m.0,0.07449263261751436,0.45687354245864115,0.3823809098411268,inside_top1_share,12296,76,0.5519947317492275,0.0001999600079984003,True
video_sequence,0.005388260072669735,0.0010212414889893401,True,occlusion_0_to_1+,LocalConvTransformer,0.01295740851829634,model.14.m.0,0.0032293838372844086,-0.001803089767358539,-0.005032473604642948,inside_minus_ring_probability,12296,76,0.3234823268786299,0.004799040191961607,True
video_sequence,-0.005738615755445269,-0.01303413451394696,True,occlusion_0_to_1+,WindowTransformer,0.0016612062202944027,model.14.m.0,-0.009523703401260056,0.3611406204274655,0.3706643238287255,inside_probability,12296,76,-0.5834400580779503,0.0003999200159968006,True
video_sequence,-0.04545675945711273,-0.1059834826385382,True,occlusion_0_to_1+,WindowTransformer,0.0009816218574466924,model.14.m.0,-0.0745742232170209,0.5414945370412095,0.6160687602582305,inside_top1_share,12296,76,-0.5565763746160944,0.0001999600079984003,True
video_sequence,-0.0018303424072942608,-0.007743887251195435,True,occlusion_0_to_1+,WindowTransformer,0.00599880023995201,model.14.m.0,-0.004925933269096152,0.0049400659936652295,0.009865999262761384,inside_minus_ring_probability,12296,76,-0.3729227492000578,0.001999600079984003,True
video_sequence,0.0020791125767055216,0.0001737088646840501,True,occlusion_0_to_1+,DeformableTransformer,0.0674865026994601,model.14.m.1,0.001050224279586149,0.3520698676324501,0.351019643352864,inside_probability,12296,76,0.24460690638028904,0.029394121175764846,False
video_sequence,0.0595364562840538,-0.0029730500625743143,False,occlusion_0_to_1+,DeformableTransformer,0.17507926986031364,model.14.m.1,0.02774740940571743,0.675151837517905,0.6474044281121875,inside_top1_share,12296,76,0.1958735595467158,0.09078184363127374,False
video_sequence,0.0003212241856583492,-0.0007451027402065434,False,occlusion_0_to_1+,DeformableTransformer,0.7547413594204235,model.14.m.1,-0.0001753999446665404,0.0019330393438006597,0.0021084392884672004,inside_minus_ring_probability,12296,76,-0.0704188318020103,0.5450909818036392,False
video_sequence,-6.793716297989951e-05,-0.001179815148169311,True,occlusion_0_to_1+,LocalConvTransformer,0.0674865026994601,model.14.m.1,-0.0006184967503747833,0.330366121763658,0.33098461851403277,inside_probability,12296,76,-0.24628360287599363,0.029994001199760048,False
video_sequence,0.013933541374885021,-0.05394193601535903,False,occlusion_0_to_1+,LocalConvTransformer,0.4227036945552066,model.14.m.1,-0.020066009145779114,0.28094436883573687,0.3010103779815159,inside_top1_share,12296,76,-0.13146547235842174,0.26614677064587083,False
video_sequence,0.00031508175806622697,-0.0005462994294403396,False,occlusion_0_to_1+,LocalConvTransformer,0.8044391121775645,model.14.m.1,-0.0001214664116813075,0.0004632093175780207,0.0005846757292593282,inside_minus_ring_probability,12296,76,-0.06208208315415581,0.595880823835233,False
video_sequence,3.4579932799576156e-05,-0.0009941409620261698,False,occlusion_0_to_1+,WindowTransformer,0.1779781974639555,model.14.m.1,-0.00043172834842656574,0.3175640081696338,0.3179957365180604,inside_probability,12296,76,-0.18505617229845495,0.09558088382323535,False
video_sequence,-0.0004635911189215632,-0.016593518457382838,True,occlusion_0_to_1+,WindowTransformer,0.1229292603017858,model.14.m.1,-0.007681400646142538,0.04390379541764757,0.0515851960637901,inside_top1_share,12296,76,-0.2122492619561829,0.0591881623675265,False
video_sequence,0.0007032137544713755,-5.348820069228047e-05,False,occlusion_0_to_1+,WindowTransformer,0.24655068986202758,model.14.m.1,0.0002968620715971339,-0.0023962528577480937,-0.0026931149293452274,inside_minus_ring_probability,12296,76,0.17401540151384176,0.13697260547890422,False
video_sequence,0.00015635857365728028,-0.0031728867929529535,False,occlusion_0_to_1+,DeformableTransformer,0.14957008598280344,model.20.m.0,-0.0015292029264260367,0.3195902896203452,0.32111949254677125,inside_probability,12296,76,-0.20401241923753075,0.07478504299140172,False
video_sequence,-0.0006657154262993043,-0.04795171040767771,True,occlusion_0_to_1+,DeformableTransformer,0.07860827834433112,model.20.m.0,-0.024777321832572585,0.2800989245957193,0.30487624642829175,inside_top1_share,12296,76,-0.23103340505842615,0.036392721455708855,False
video_sequence,0.001137386005855463,-0.0028015646840339474,False,occlusion_0_to_1+,DeformableTransformer,0.5527326967039025,model.20.m.0,-0.0009049873942300755,0.0006798906123268207,0.001584878006556896,inside_minus_ring_probability,12296,76,-0.10220587841301886,0.3787242551489702,False
video_sequence,0.004282664200966212,0.0013340790475367067,True,occlusion_0_to_1+,LocalConvTransformer,0.002159568086382723,model.20.m.0,0.0028054031369428526,0.35587394658948385,0.35306854345254096,inside_probability,12296,76,0.41181209154817533,0.0005998800239952009,True
video_sequence,0.061938629623535524,0.014337424669137138,True,occlusion_0_to_1+,LocalConvTransformer,0.0057165037580719155,model.20.m.0,0.03815770011400771,0.6818655062581617,0.6437078061441539,inside_top1_share,12296,76,0.35283951284197734,0.001799640071985603,True
video_sequence,0.0025079010065430494,-0.0005713695456175371,False,occlusion_0_to_1+,LocalConvTransformer,0.405409827125484,model.20.m.0,0.0009465697682447717,0.0009731399803991988,2.6570212154427003e-05,inside_minus_ring_probability,12296,76,0.13402769476290938,0.247750449910018,False
video_sequence,-0.0007310370502743211,-0.0017691344417407847,True,occlusion_0_to_1+,WindowTransformer,0.0009816218574466924,model.20.m.0,-0.0012761991670636682,0.3245357630631293,0.32581196223019293,inside_probability,12296,76,-0.5514630258534016,0.0001999600079984003,True
video_sequence,-0.007116162902999656,-0.019782588633817252,True,occlusion_0_to_1+,WindowTransformer,0.0009816218574466924,model.20.m.0,-0.013380377880687674,0.03803557226183582,0.051415950142523495,inside_top1_share,12296,76,-0.4760025795660731,0.0001999600079984003,True
video_sequence,0.0006426970756657493,-0.0007476387557172668,False,occlusion_0_to_1+,WindowTransformer,1.0,model.20.m.0,-4.1580052122571184e-05,-0.0016530306168397128,-0.0016114505647171417,inside_minus_ring_probability,12296,76,-0.013364065097904347,0.9130173965206959,False
video_sequence,0.0011550884349701177,0.0001295204245255831,True,occlusion_0_to_1+,DeformableTransformer,0.022109863741537405,model.20.m.1,0.0006635475610208413,0.33793797887276017,0.33727443131173923,inside_probability,12296,76,0.28721658365790664,0.008598280343931213,True
video_sequence,0.062163040859770945,0.005234393642982577,True,occlusion_0_to_1+,DeformableTransformer,0.04957190380105798,model.20.m.1,0.03464220678548574,0.5940021182533014,0.5593599114678157,inside_top1_share,12296,76,0.26848362788333635,0.020195960807838434,True
video_sequence,0.0005292003461949122,-0.0005292980385104622,False,occlusion_0_to_1+,DeformableTransformer,1.0,model.20.m.1,1.703751792670637e-05,0.0010091299740177335,0.000992092456091027,inside_minus_ring_probability,12296,76,0.007117238540424661,0.9500099980003999,False
video_sequence,-0.00020027742800232266,-0.0006721979157712099,True,occlusion_0_to_1+,LocalConvTransformer,0.002159568086382723,model.20.m.1,-0.0004309888694534572,0.33081104900863645,0.3312420378780898,inside_probability,12296,76,-0.4001634186980736,0.0005998800239952009,True
video_sequence,-0.005733379314768803,-0.03367261205124326,True,occlusion_0_to_1+,LocalConvTransformer,0.01295740851829634,model.20.m.1,-0.019521319698377494,0.1641899049870466,0.18371122468542414,inside_top1_share,12296,76,-0.30890780740570584,0.004799040191961607,True
video_sequence,0.00021247912602445065,-0.00024217347044223195,False,occlusion_0_to_1+,LocalConvTransformer,1.0,model.20.m.1,-2.250419853798974e-05,-0.00024855865622777835,-0.00022605445768978863,inside_minus_ring_probability,12296,76,-0.02165487062025714,0.856628674265147,False
video_sequence,0.00016706749097850678,-0.0005720345413613765,False,occlusion_0_to_1+,WindowTransformer,0.3887222555488902,model.20.m.1,-0.00023255505310031122,0.3312509737769563,0.3314835288300566,inside_probability,12296,76,-0.1387249522485109,0.23035392921415718,False
video_sequence,0.009917069225942364,-0.03771044190124998,False,occlusion_0_to_1+,WindowTransformer,0.3887222555488902,model.20.m.1,-0.01512088674898954,0.24180798033031067,0.2569288670793002,inside_top1_share,12296,76,-0.14058111616001112,0.22375524895020996,False
video_sequence,0.00042919277351703656,-0.0004118857096897504,False,occlusion_0_to_1+,WindowTransformer,1.0,model.20.m.1,5.4695430849654e-06,-0.0007605703654379473,-0.0007660399085229128,inside_minus_ring_probability,12296,76,0.002878177288715889,0.9840031993601279,False
video_sequence,-1.8967184627912044e-06,-3.129607091240799e-06,True,occlusion_0_to_1+,DeformableTransformer,0.0009816218574466924,model.23.m.0,-2.504220685844263e-06,0.3333456438329038,0.3333481480535897,inside_probability,12296,76,-0.8886943781875442,0.0001999600079984003,True
video_sequence,0.0,0.0,False,occlusion_0_to_1+,DeformableTransformer,1.0,model.23.m.0,0.0,0.0,0.0,inside_top1_share,12296,76,0.0,1.0,False
video_sequence,-5.801219039123232e-07,-1.5361252706718373e-06,True,occlusion_0_to_1+,DeformableTransformer,0.0009816218574466924,model.23.m.0,-1.0534930944800088e-06,-1.1158312706131389e-06,-6.233817613313038e-08,inside_minus_ring_probability,12296,76,-0.4867261287818061,0.0001999600079984003,True
video_sequence,6.404972954530359e-06,3.871054645500396e-06,True,occlusion_0_to_1+,LocalConvTransformer,0.0009816218574466924,model.23.m.0,5.089438145026627e-06,0.3332386592485697,0.33323356981042473,inside_probability,12296,76,0.8826519128444034,0.0001999600079984003,True
video_sequence,0.0,0.0,False,occlusion_0_to_1+,LocalConvTransformer,1.0,model.23.m.0,0.0,0.0,0.0,inside_top1_share,12296,76,0.0,1.0,False
video_sequence,3.050928637742133e-06,1.1847186680567317e-06,True,occlusion_0_to_1+,LocalConvTransformer,0.0009816218574466924,model.23.m.0,2.1331754694261215e-06,2.3479721072043704e-06,2.1479663777824852e-07,inside_minus_ring_probability,12296,76,0.4881211767629298,0.0001999600079984003,True
video_sequence,-1.9665691875974675e-06,-3.2621187332981037e-06,True,occlusion_0_to_1+,WindowTransformer,0.0009816218574466924,model.23.m.0,-2.585417969756152e-06,0.3334156943359286,0.3334182797538984,inside_probability,12296,76,-0.8734822176452013,0.0001999600079984003,True
video_sequence,0.0,0.0,False,occlusion_0_to_1+,WindowTransformer,1.0,model.23.m.0,0.0,1.0,1.0,inside_top1_share,12296,76,0.0,1.0,False
video_sequence,-5.873082047176772e-07,-1.5753282202820824e-06,True,occlusion_0_to_1+,WindowTransformer,0.0016612062202944027,model.23.m.0,-1.080262266371227e-06,-1.2323728758794155e-06,-1.521106095081883e-07,inside_minus_ring_probability,12296,76,-0.48745298599338965,0.0003999200159968006,True
video_sequence,8.900568147286438e-08,-1.3259459978748188e-07,False,occlusion_0_to_1+,DeformableTransformer,0.9941725940526182,model.23.m.1,-1.627954736659273e-08,0.3333252261634437,0.33332524244299105,inside_probability,12296,76,-0.03276365481935196,0.7732453509298141,False
video_sequence,0.0,0.0,False,occlusion_0_to_1+,DeformableTransformer,1.0,model.23.m.1,0.0,0.0,0.0,inside_top1_share,12296,76,0.0,1.0,False
video_sequence,4.865993264337865e-08,-1.1741279651728827e-07,False,occlusion_0_to_1+,DeformableTransformer,0.735105610456856,model.23.m.1,-2.942413935747717e-08,-3.128490892810789e-08,-1.8607695706307162e-09,inside_minus_ring_probability,12296,76,-0.07744399302333864,0.5172965406918616,False
video_sequence,6.571854797197007e-08,-1.661160947077692e-08,False,occlusion_0_to_1+,LocalConvTransformer,0.4491901619676064,model.23.m.1,2.346566250082934e-08,0.3333718064248182,0.3333717829591557,inside_probability,12296,76,0.12655849512585998,0.29114177164567084,False
video_sequence,0.0,0.0,False,occlusion_0_to_1+,LocalConvTransformer,1.0,model.23.m.1,0.0,1.0,1.0,inside_top1_share,12296,76,0.0,1.0,False
video_sequence,4.9453890152602785e-08,-1.3972227520696266e-08,False,occlusion_0_to_1+,LocalConvTransformer,0.4778044391121776,model.23.m.1,1.7109632886703544e-08,-4.4511844994307855e-08,-6.162147788101141e-08,inside_minus_ring_probability,12296,76,0.11912101561593395,0.31853629274145173,False
video_sequence,7.354404576543305e-08,-8.499013388235226e-08,False,occlusion_0_to_1+,WindowTransformer,1.0,model.23.m.1,-7.23192238404277e-09,0.3333029860807178,0.3333029933126402,inside_probability,12296,76,-0.020583222875116786,0.8608278344331134,False
video_sequence,0.0,0.0,False,occlusion_0_to_1+,WindowTransformer,1.0,model.23.m.1,0.0,0.0,0.0,inside_top1_share,12296,76,0.0,1.0,False
video_sequence,7.653864249319762e-08,-4.1312403272306904e-08,False,occlusion_0_to_1+,WindowTransformer,0.8683043879029072,model.23.m.1,1.3810609719414985e-08,7.552507587438453e-08,6.171446615496956e-08,inside_minus_ring_probability,12296,76,0.052612532970547674,0.6592681463707258,False
