epoch,time,train/box_loss,train/cls_loss,train/dfl_loss,train/mixture_aux_loss,metrics/precision(B),metrics/recall(B),metrics/mAP50(B),metrics/mAP50-95(B),val/box_loss,val/cls_loss,val/dfl_loss,val/mixture_aux_loss,lr/pg0,lr/pg1,lr/pg2,lr/pg3,lr/pg4
1,148.644,4.37784,4.43594,3.10725,1.96549,0.23184,0.02443,0.00797,0.00223,3.37308,3.36962,1.82044,0,0.000237412,0.000237412,0.000237412,0.000118706,0.000474825
2,287.864,3.19218,2.726,1.65052,1.5945,0.16051,0.08369,0.03197,0.01145,2.81979,2.33869,1.41953,0,0.000459724,0.000459724,0.000459724,0.000229862,0.000919447
3,414.581,2.7484,2.36037,1.34835,1.9648,0.09774,0.12801,0.05055,0.02237,2.49341,2.12629,1.21994,0,0.000666327,0.000666327,0.000666327,0.000333164,0.00133265
4,550.488,2.48688,2.14873,1.23034,1.99486,0.2225,0.11872,0.06399,0.02962,2.26855,1.93721,1.14842,0,0.000643314,0.000643314,0.000643314,0.000321657,0.00128663
5,684.988,2.34485,2.00552,1.16664,2.00308,0.24601,0.13339,0.07861,0.03761,2.17447,1.80485,1.11208,0,0.000619752,0.000619752,0.000619752,0.000309876,0.0012395
6,809.715,2.26139,1.91346,1.12263,1.9987,0.1767,0.15141,0.08677,0.04175,2.10527,1.73426,1.08695,0,0.00059619,0.00059619,0.00059619,0.000298095,0.00119238
7,943.024,2.19721,1.84027,1.09828,2.00108,0.16873,0.15473,0.09576,0.04633,2.06473,1.67279,1.07292,0,0.000572628,0.000572628,0.000572628,0.000286314,0.00114526
8,1015.73,2.14467,1.78282,1.07841,1.99738,0.19343,0.16246,0.1003,0.04944,2.03956,1.65282,1.05074,0,0.000549066,0.000549066,0.000549066,0.000274533,0.00109813
9,1135.41,2.11054,1.74363,1.06535,1.99527,0.32245,0.16837,0.11502,0.0585,1.96105,1.59317,1.03453,0,0.000525504,0.000525504,0.000525504,0.000262752,0.00105101
10,1260.29,2.08316,1.70865,1.05152,2.0006,0.20303,0.17606,0.11226,0.05645,1.98816,1.59316,1.02761,0,0.000501942,0.000501942,0.000501942,0.000250971,0.00100388
11,1393.61,2.04023,1.66376,1.04454,2.00714,0.22997,0.17972,0.12194,0.06129,1.94411,1.54838,1.01752,0,0.00047838,0.00047838,0.00047838,0.00023919,0.00095676
12,1523.83,2.03061,1.65401,1.03906,1.9082,0.23768,0.18061,0.1267,0.06401,1.91427,1.53302,1.01144,0,0.000454818,0.000454818,0.000454818,0.000227409,0.000909636
13,1648.82,2.00079,1.61867,1.03201,1.99614,0.24337,0.18808,0.13155,0.06735,1.88447,1.49762,1.01205,0,0.000431256,0.000431256,0.000431256,0.000215628,0.000862512
14,1780.47,1.98432,1.60856,1.02477,2.00017,0.23417,0.1935,0.13309,0.06902,1.89516,1.49883,1.00842,0,0.000407694,0.000407694,0.000407694,0.000203847,0.000815388
15,1908.67,1.98504,1.58656,1.01938,2.00366,0.23712,0.19728,0.14152,0.07238,1.86731,1.473,1.00283,0,0.000384132,0.000384132,0.000384132,0.000192066,0.000768264
16,2046.5,1.96285,1.56983,1.01774,1.99837,0.23543,0.19447,0.13313,0.06783,1.88513,1.49762,1.00029,0,0.00036057,0.00036057,0.00036057,0.000180285,0.00072114
17,2176.68,1.94829,1.55454,1.0112,1.99762,0.24465,0.20527,0.1448,0.07433,1.85039,1.44392,0.9917,0,0.000337008,0.000337008,0.000337008,0.000168504,0.000674016
18,2303.2,1.93609,1.53681,1.00896,2.00164,0.23747,0.21352,0.15007,0.07756,1.83273,1.43618,0.9923,0,0.000313446,0.000313446,0.000313446,0.000156723,0.000626892
19,2433.99,1.9163,1.52561,1.00714,1.99768,0.24615,0.20413,0.14751,0.0762,1.83284,1.42903,0.98773,0,0.000289884,0.000289884,0.000289884,0.000144942,0.000579768
20,2559,1.90425,1.50753,1.00246,2.00004,0.25355,0.20975,0.1517,0.07862,1.80991,1.40554,0.98782,0,0.000266322,0.000266322,0.000266322,0.000133161,0.000532644
21,2690.74,1.82728,1.46984,1.00117,2.00109,0.25956,0.21069,0.15402,0.07997,1.81654,1.41561,0.98413,0,0.00024276,0.00024276,0.00024276,0.00012138,0.00048552
22,2819.68,1.80938,1.44122,0.99631,1.99919,0.25796,0.21615,0.15935,0.08296,1.80575,1.4052,0.98438,0,0.000219198,0.000219198,0.000219198,0.000109599,0.000438396
23,2946,1.79778,1.42576,0.99418,1.99959,0.26793,0.22098,0.16579,0.08595,1.79127,1.38959,0.98026,0,0.000195636,0.000195636,0.000195636,9.7818e-05,0.000391272
24,3074.67,1.79372,1.41536,0.99041,1.99976,0.25825,0.22143,0.16516,0.08633,1.7874,1.38023,0.97625,0,0.000172074,0.000172074,0.000172074,8.6037e-05,0.000344148
25,3209.21,1.79219,1.41228,0.99094,2.00013,0.2621,0.22158,0.16597,0.08724,1.78481,1.37937,0.97675,0,0.000148512,0.000148512,0.000148512,7.4256e-05,0.000297024
26,3339.75,1.78578,1.40153,0.98758,1.99965,0.2757,0.22315,0.17056,0.08944,1.77516,1.36536,0.97588,0,0.00012495,0.00012495,0.00012495,6.2475e-05,0.0002499
27,3459.46,1.75904,1.38171,0.98573,2.00005,0.27154,0.22178,0.1705,0.08955,1.77241,1.36399,0.97455,0,0.000101388,0.000101388,0.000101388,5.0694e-05,0.000202776
28,3587.85,1.76583,1.38236,0.98562,1.9999,0.28363,0.22748,0.17315,0.09115,1.76959,1.3572,0.97233,0,7.7826e-05,7.7826e-05,7.7826e-05,3.8913e-05,0.000155652
29,3718.56,1.75815,1.36978,0.98171,1.99992,0.28117,0.22684,0.17142,0.0899,1.76625,1.35831,0.97121,0,5.4264e-05,5.4264e-05,5.4264e-05,2.7132e-05,0.000108528
30,3838.57,1.74554,1.3613,0.9813,1.9999,0.28306,0.2258,0.17309,0.09164,1.76419,1.3562,0.97131,0,3.0702e-05,3.0702e-05,3.0702e-05,1.5351e-05,6.1404e-05
