family,status,gate_passed,layer,representation,top_k,num_experts,samples,tokens,topk_exact_rate,topk_ordered_exact_rate,jaccard_rate,token_flip_rate,top1_flip_rate,sample_flip_rate,sample_top1_flip_rate,probability_mae,total_variation,jensen_shannon,gate_reasons,error_type,error
moe,success,True,/model.12/routing/Softmax,dense_probabilities,2,3,64,64,1.0,1.0,1.0,0.0,0.0,0.0,0.0,4.445513089497884e-06,6.668269634246826e-06,3.398722024988571e-11,,,
moe,success,True,/model.3/routing/Softmax,dense_probabilities,2,3,64,64,1.0,1.0,1.0,0.0,0.0,0.0,0.0,0.0010137151305874188,0.0015205726958811283,3.0936319703810183e-06,,,
moe,success,True,/model.6/routing/Softmax,dense_probabilities,2,3,64,64,1.0,1.0,1.0,0.0,0.0,0.0,0.0,0.0007410619097451369,0.0011115928646177053,1.2166247521897103e-06,,,
moe,success,True,/model.9/routing/Softmax,dense_probabilities,2,3,64,64,1.0,1.0,1.0,0.0,0.0,0.0,0.0,8.780540277560552e-05,0.00013170810416340828,1.094296860752293e-08,,,
moa,success,False,/model.13/m.0/router/Softmax,dense_probabilities,2,3,64,102400,0.61044921875,0.43189453125,0.740299483036506,0.38955078125,0.347724609375,1.0,1.0,0.0008631071225196744,0.0012946606837795115,1.3893817921249795e-06,topk_set_agreement_below_threshold;topk_ordered_agreement_below_threshold;top1_flip_above_threshold,,
moa,success,False,/model.16/m.0/router/Softmax,dense_probabilities,2,3,64,409600,0.68214111328125,0.38425537109375,0.7880940786784777,0.31785888671875,0.56626220703125,1.0,1.0,0.0006816460450742549,0.0010224690676113824,8.466416137978078e-07,topk_set_agreement_below_threshold;topk_ordered_agreement_below_threshold;top1_flip_above_threshold,,
moa,success,False,/model.19/m.0/router/Softmax,dense_probabilities,2,3,64,102400,0.610908203125,0.456533203125,0.7406054726152798,0.389091796875,0.35546875,1.0,1.0,0.000802485775493551,0.0012037286632403266,1.187762422525236e-06,topk_set_agreement_below_threshold;topk_ordered_agreement_below_threshold;top1_flip_above_threshold,,
moa,success,False,/model.22/m.0/router/Softmax,dense_probabilities,2,3,64,25600,0.58421875,0.5000390625,0.7228125041304156,0.41578125,0.2590625,1.0,1.0,0.0010670321877114474,0.0016005482815671713,2.382534402239406e-06,topk_set_agreement_below_threshold;topk_ordered_agreement_below_threshold;top1_flip_above_threshold,,
mot,success,False,/model.13/m.0/router/TopK,sparse_topk,2,3,64,102400,0.23265625,0.132470703125,0.4884375076228753,0.76734375,0.617890625,1.0,1.0,0.25588127413318335,0.38382191119977505,0.26593318697066276,topk_set_agreement_below_threshold;topk_ordered_agreement_below_threshold;top1_flip_above_threshold,,
mot,success,False,/model.16/m.0/router/TopK,sparse_topk,2,3,64,409600,0.12326171875,0.09935302734375,0.4155078212096123,0.87673828125,0.87004150390625,1.0,1.0,0.29225555099942235,0.43838332649913353,0.3037936902481527,topk_set_agreement_below_threshold;topk_ordered_agreement_below_threshold;top1_flip_above_threshold,,
mot,success,False,/model.19/m.0/router/TopK,sparse_topk,2,3,64,102400,0.53326171875,0.405107421875,0.6888411504699615,0.46673828125,0.376650390625,1.0,1.0,0.15589296392679292,0.23383944589018937,0.16176794262367,topk_set_agreement_below_threshold;topk_ordered_agreement_below_threshold;top1_flip_above_threshold,,
mot,success,False,/model.22/m.0/router/TopK,sparse_topk,1,3,64,25600,0.0001171875,0.0001171875,0.0001171875,0.9998828125,0.9998828125,1.0,1.0,0.6665885416666666,0.9998828125,0.6930659523477886,topk_set_agreement_below_threshold;topk_ordered_agreement_below_threshold;top1_flip_above_threshold,,
molora,success,False,/model.10/cv1/conv/TopK,sparse_topk,2,4,64,64,0.515625,0.328125,0.6614583376795053,0.484375,0.453125,0.484375,0.453125,0.1331454369938001,0.2662908739876002,0.18390089737098242,topk_set_agreement_below_threshold;topk_ordered_agreement_below_threshold;top1_flip_above_threshold,,
molora,success,False,/model.10/cv2/conv/TopK,sparse_topk,2,4,64,64,0.484375,0.46875,0.6406250046566129,0.515625,0.15625,0.515625,0.15625,0.14004916977137327,0.28009833954274654,0.19248811549850806,topk_set_agreement_below_threshold;topk_ordered_agreement_below_threshold;top1_flip_above_threshold,,
molora,success,False,/model.10/m/m.0/ffn/ffn.0/conv/TopK,sparse_topk,2,4,64,64,0.453125,0.375,0.6145833381451666,0.546875,0.40625,0.546875,0.40625,0.15256652445532382,0.30513304891064763,0.21085141351917427,topk_set_agreement_below_threshold;topk_ordered_agreement_below_threshold;top1_flip_above_threshold,,
molora,success,False,/model.10/m/m.0/ffn/ffn.1/conv/TopK,sparse_topk,2,4,64,64,0.046875,0.015625,0.26041667303070426,0.953125,0.703125,0.953125,0.703125,0.3164200541796163,0.6328401083592325,0.4383440820994267,topk_set_agreement_below_threshold;topk_ordered_agreement_below_threshold;top1_flip_above_threshold,,
molora,success,False,/model.13/cv1/conv/TopK,sparse_topk,2,4,64,64,0.375,0.265625,0.572916672565043,0.625,0.5,0.625,0.5,0.16424847021698952,0.32849694043397903,0.2272511988170202,topk_set_agreement_below_threshold;topk_ordered_agreement_below_threshold;top1_flip_above_threshold,,
molora,success,False,/model.13/cv2/conv/TopK,sparse_topk,2,4,64,64,0.265625,0.171875,0.47916667303070426,0.734375,0.609375,0.734375,0.609375,0.20720242662355304,0.4144048532471061,0.28679000921435643,topk_set_agreement_below_threshold;topk_ordered_agreement_below_threshold;top1_flip_above_threshold,,
molora,success,False,/model.13/m.0/cv1/conv/TopK,sparse_topk,2,4,64,64,0.203125,0.046875,0.4270833400078118,0.796875,0.828125,0.796875,0.828125,0.23068074323236942,0.46136148646473885,0.3194775334480176,topk_set_agreement_below_threshold;topk_ordered_agreement_below_threshold;top1_flip_above_threshold,,
molora,success,False,/model.13/m.0/cv2/conv/TopK,sparse_topk,2,4,64,64,0.265625,0.1875,0.47916667303070426,0.734375,0.53125,0.734375,0.53125,0.20714128680992872,0.41428257361985743,0.2868942226981787,topk_set_agreement_below_threshold;topk_ordered_agreement_below_threshold;top1_flip_above_threshold,,
molora,success,False,/model.13/m.0/cv3/conv/TopK,sparse_topk,2,4,64,64,0.4375,0.265625,0.6093750051222742,0.5625,0.515625,0.5625,0.515625,0.1526248165173456,0.3052496330346912,0.2110399751318445,topk_set_agreement_below_threshold;topk_ordered_agreement_below_threshold;top1_flip_above_threshold,,
molora,success,False,/model.13/m.0/m/m.0/cv1/conv/TopK,sparse_topk,2,4,64,64,0.296875,0.296875,0.5312500069849193,0.703125,0.0,0.703125,0.0,0.16421022859867662,0.32842045719735324,0.2272995028661126,topk_set_agreement_below_threshold;topk_ordered_agreement_below_threshold,,
molora,success,False,/model.13/m.0/m/m.0/cv2/conv/TopK,sparse_topk,2,4,64,64,0.40625,0.40625,0.604166672565043,0.59375,0.0,0.59375,0.0,0.14098360284697264,0.2819672056939453,0.19520935657096833,topk_set_agreement_below_threshold;topk_ordered_agreement_below_threshold,,
molora,success,False,/model.13/m.0/m/m.1/cv1/conv/TopK,sparse_topk,2,4,64,64,0.484375,0.46875,0.6562500051222742,0.515625,0.140625,0.515625,0.140625,0.128854691516608,0.257709383033216,0.17841732305166114,topk_set_agreement_below_threshold;topk_ordered_agreement_below_threshold;top1_flip_above_threshold,,
molora,success,False,/model.13/m.0/m/m.1/cv2/conv/TopK,sparse_topk,2,4,64,64,0.328125,0.09375,0.546875006519258,0.671875,0.640625,0.671875,0.640625,0.17190876323729753,0.34381752647459507,0.23823690788698815,topk_set_agreement_below_threshold;topk_ordered_agreement_below_threshold;top1_flip_above_threshold,,
molora,success,False,/model.16/cv1/conv/TopK,sparse_topk,2,4,64,64,0.59375,0.390625,0.703125003259629,0.40625,0.453125,0.40625,0.453125,0.12129868159536272,0.24259736319072545,0.16769796475745274,topk_set_agreement_below_threshold;topk_ordered_agreement_below_threshold;top1_flip_above_threshold,,
molora,success,False,/model.16/cv2/conv/TopK,sparse_topk,2,4,64,64,0.140625,0.03125,0.38541667396202683,0.859375,0.78125,0.859375,0.78125,0.24612840940244496,0.4922568188048899,0.34114389615734275,topk_set_agreement_below_threshold;topk_ordered_agreement_below_threshold;top1_flip_above_threshold,,
molora,success,False,/model.16/m.0/cv1/conv/TopK,sparse_topk,2,4,64,64,0.375,0.15625,0.5781250060535967,0.625,0.625,0.625,0.625,0.16022229858208448,0.32044459716416895,0.22201264733470075,topk_set_agreement_below_threshold;topk_ordered_agreement_below_threshold;top1_flip_above_threshold,,
molora,success,False,/model.16/m.0/cv2/conv/TopK,sparse_topk,2,4,64,64,0.078125,0.015625,0.36458334187045693,0.921875,0.859375,0.921875,0.859375,0.24618855968583375,0.4923771193716675,0.34112537854384367,topk_set_agreement_below_threshold;topk_ordered_agreement_below_threshold;top1_flip_above_threshold,,
molora,success,False,/model.16/m.0/cv3/conv/TopK,sparse_topk,2,4,64,64,0.1875,0.140625,0.43229167396202683,0.8125,0.609375,0.8125,0.609375,0.2228044953662902,0.4456089907325804,0.30863867633180614,topk_set_agreement_below_threshold;topk_ordered_agreement_below_threshold;top1_flip_above_threshold,,
molora,success,False,/model.16/m.0/m/m.0/cv1/conv/TopK,sparse_topk,2,4,64,64,0.5,0.5,0.6666666716337204,0.5,0.0,0.5,0.0,0.12281418568454683,0.24562837136909366,0.17019961127193042,topk_set_agreement_below_threshold;topk_ordered_agreement_below_threshold,,
molora,success,False,/model.16/m.0/m/m.0/cv2/conv/TopK,sparse_topk,2,4,64,64,0.390625,0.34375,0.5833333390764892,0.609375,0.453125,0.609375,0.453125,0.16014708275906742,0.32029416551813483,0.2219239147025638,topk_set_agreement_below_threshold;topk_ordered_agreement_below_threshold;top1_flip_above_threshold,,
molora,success,False,/model.16/m.0/m/m.1/cv1/conv/TopK,sparse_topk,2,4,64,64,0.390625,0.390625,0.5937500060535967,0.609375,0.0,0.609375,0.0,0.1470283418893814,0.2940566837787628,0.2035452262176071,topk_set_agreement_below_threshold;topk_ordered_agreement_below_threshold,,
molora,success,False,/model.16/m.0/m/m.1/cv2/conv/TopK,sparse_topk,2,4,64,64,0.578125,0.0625,0.6822916697710752,0.421875,0.90625,0.421875,0.90625,0.13281972624827176,0.2656394524965435,0.1841158266993631,topk_set_agreement_below_threshold;topk_ordered_agreement_below_threshold;top1_flip_above_threshold,,
molora,success,False,/model.17/conv/TopK,sparse_topk,2,4,64,64,0.15625,0.09375,0.32812500512227416,0.84375,0.734375,0.84375,0.734375,0.29300312907435,0.5860062581487,0.4061148888821059,topk_set_agreement_below_threshold;topk_ordered_agreement_below_threshold;top1_flip_above_threshold,,
molora,success,False,/model.19/cv1/conv/TopK,sparse_topk,2,4,64,64,0.15625,0.078125,0.3645833395421505,0.84375,0.828125,0.84375,0.828125,0.2657191961770877,0.5314383923541754,0.3681300249204551,topk_set_agreement_below_threshold;topk_ordered_agreement_below_threshold;top1_flip_above_threshold,,
molora,success,False,/model.19/cv2/conv/TopK,sparse_topk,2,4,64,64,0.3125,0.234375,0.510416672565043,0.6875,0.484375,0.6875,0.484375,0.19541369483340532,0.39082738966681063,0.27053142864868523,topk_set_agreement_below_threshold;topk_ordered_agreement_below_threshold;top1_flip_above_threshold,,
molora,success,False,/model.19/m.0/cv1/conv/TopK,sparse_topk,2,4,64,64,0.125,0.0,0.41145834187045693,0.875,0.921875,0.875,0.921875,0.22271242586430162,0.44542485172860324,0.30856854724042665,topk_set_agreement_below_threshold;topk_ordered_agreement_below_threshold;top1_flip_above_threshold,,
molora,success,False,/model.19/m.0/cv2/conv/TopK,sparse_topk,2,4,64,64,0.109375,0.109375,0.39062500838190317,0.890625,0.578125,0.890625,0.578125,0.2344084259821102,0.4688168519642204,0.32479710870083733,topk_set_agreement_below_threshold;topk_ordered_agreement_below_threshold;top1_flip_above_threshold,,
molora,success,False,/model.19/m.0/cv3/conv/TopK,sparse_topk,2,4,64,64,0.34375,0.203125,0.562500006519258,0.65625,0.390625,0.65625,0.390625,0.16415040323045105,0.3283008064609021,0.22717371540670617,topk_set_agreement_below_threshold;topk_ordered_agreement_below_threshold;top1_flip_above_threshold,,
molora,success,False,/model.19/m.0/m/m.0/cv1/conv/TopK,sparse_topk,2,4,64,64,0.375,0.375,0.5833333395421505,0.625,0.0,0.625,0.0,0.1456896181916818,0.2913792363833636,0.2017200310080247,topk_set_agreement_below_threshold;topk_ordered_agreement_below_threshold,,
molora,success,False,/model.19/m.0/m/m.0/cv2/conv/TopK,sparse_topk,2,4,64,64,0.234375,0.1875,0.47395834047347307,0.765625,0.671875,0.765625,0.671875,0.20321128831710666,0.40642257663421333,0.28159570599866546,topk_set_agreement_below_threshold;topk_ordered_agreement_below_threshold;top1_flip_above_threshold,,
molora,success,False,/model.19/m.0/m/m.1/cv1/conv/TopK,sparse_topk,2,4,64,64,0.34375,0.109375,0.5572916730307043,0.65625,0.5,0.65625,0.5,0.16800023010000587,0.33600046020001173,0.23276099225181868,topk_set_agreement_below_threshold;topk_ordered_agreement_below_threshold;top1_flip_above_threshold,,
molora,success,False,/model.19/m.0/m/m.1/cv2/conv/TopK,sparse_topk,2,4,64,64,0.234375,0.234375,0.48958334093913436,0.765625,0.0,0.765625,0.0,0.18896327132824808,0.37792654265649617,0.26161543527867137,topk_set_agreement_below_threshold;topk_ordered_agreement_below_threshold,,
molora,success,False,/model.20/conv/TopK,sparse_topk,2,4,64,64,0.140625,0.0625,0.38020834047347307,0.859375,0.8125,0.859375,0.8125,0.25006247125566006,0.5001249425113201,0.3465586743741985,topk_set_agreement_below_threshold;topk_ordered_agreement_below_threshold;top1_flip_above_threshold,,
molora,success,False,/model.22/cv1/conv/TopK,sparse_topk,2,4,64,64,0.3125,0.234375,0.5260416730307043,0.6875,0.5,0.6875,0.5,0.18374053691513836,0.3674810738302767,0.25443743742495106,topk_set_agreement_below_threshold;topk_ordered_agreement_below_threshold;top1_flip_above_threshold,,
molora,success,False,/model.22/cv2/conv/TopK,sparse_topk,2,4,64,64,0.53125,0.390625,0.6822916711680591,0.46875,0.359375,0.46875,0.359375,0.12144249782431871,0.24288499564863741,0.1676955695564333,topk_set_agreement_below_threshold;topk_ordered_agreement_below_threshold;top1_flip_above_threshold,,
molora,success,False,/model.22/m.0/m.0.0/cv1/conv/TopK,sparse_topk,2,4,64,64,0.375,0.28125,0.4895833367481828,0.625,0.625,0.625,0.625,0.2266552783548832,0.4533105567097664,0.3139560686540786,topk_set_agreement_below_threshold;topk_ordered_agreement_below_threshold;top1_flip_above_threshold,,
molora,success,False,/model.22/m.0/m.0.0/cv2/conv/TopK,sparse_topk,2,4,64,64,0.203125,0.203125,0.4687500079162419,0.796875,0.0,0.796875,0.0,0.18579896609298885,0.3715979321859777,0.256969829647776,topk_set_agreement_below_threshold;topk_ordered_agreement_below_threshold,,
molora,success,False,/model.22/m.0/m.0.1/ffn/ffn.0/conv/TopK,sparse_topk,2,4,64,64,0.546875,0.40625,0.6979166711680591,0.453125,0.375,0.453125,0.375,0.11364365008194,0.22728730016388,0.15663941960595848,topk_set_agreement_below_threshold;topk_ordered_agreement_below_threshold;top1_flip_above_threshold,,
molora,success,False,/model.22/m.0/m.0.1/ffn/ffn.1/conv/TopK,sparse_topk,2,4,64,64,0.3125,0.296875,0.5260416730307043,0.6875,0.359375,0.6875,0.359375,0.18355778837576509,0.36711557675153017,0.25291281899504053,topk_set_agreement_below_threshold;topk_ordered_agreement_below_threshold;top1_flip_above_threshold,,
molora,success,False,/model.3/conv/TopK,sparse_topk,2,4,64,64,0.328125,0.328125,0.5520833400078118,0.671875,0.0,0.671875,0.0,0.14444129180628806,0.2888825836125761,0.19700966906167885,topk_set_agreement_below_threshold;topk_ordered_agreement_below_threshold,,
molora,success,False,/model.4/cv1/conv/TopK,sparse_topk,2,4,64,64,0.25,0.140625,0.4739583400078118,0.75,0.625,0.75,0.625,0.20710687525570393,0.41421375051140785,0.28701642696789376,topk_set_agreement_below_threshold;topk_ordered_agreement_below_threshold;top1_flip_above_threshold,,
molora,success,False,/model.4/cv2/conv/TopK,sparse_topk,2,4,64,64,0.875,0.875,0.9166666679084301,0.125,0.0,0.125,0.0,0.02920487429946661,0.05840974859893322,0.0401591279591307,topk_set_agreement_below_threshold;topk_ordered_agreement_below_threshold,,
molora,success,False,/model.4/m.0/cv1/conv/TopK,sparse_topk,2,4,64,64,0.28125,0.125,0.5156250069849193,0.71875,0.5625,0.71875,0.5625,0.18363955640234053,0.36727911280468106,0.2544232109479194,topk_set_agreement_below_threshold;topk_ordered_agreement_below_threshold;top1_flip_above_threshold,,
molora,success,False,/model.4/m.0/cv2/conv/TopK,sparse_topk,2,4,64,64,0.09375,0.09375,0.3958333423361182,0.90625,0.0,0.90625,0.0,0.1837179366266355,0.367435873253271,0.25443250676941837,topk_set_agreement_below_threshold;topk_ordered_agreement_below_threshold,,
molora,success,False,/model.5/conv/TopK,sparse_topk,2,4,64,64,0.28125,0.28125,0.5208333404734731,0.71875,0.0,0.71875,0.0,0.15639381925575435,0.3127876385115087,0.21597677766096232,topk_set_agreement_below_threshold;topk_ordered_agreement_below_threshold,,
molora,success,False,/model.6/cv1/conv/TopK,sparse_topk,2,4,64,64,0.25,0.171875,0.46354167303070426,0.75,0.75,0.75,0.75,0.2149590894114226,0.4299181788228452,0.2978442840041991,topk_set_agreement_below_threshold;topk_ordered_agreement_below_threshold;top1_flip_above_threshold,,
molora,success,False,/model.6/cv2/conv/TopK,sparse_topk,2,4,64,64,0.578125,0.28125,0.7187500041909516,0.421875,0.53125,0.421875,0.53125,0.10561490489635617,0.21122980979271233,0.14615114242287985,topk_set_agreement_below_threshold;topk_ordered_agreement_below_threshold;top1_flip_above_threshold,,
molora,success,False,/model.6/m.0/cv1/conv/TopK,sparse_topk,2,4,64,64,0.140625,0.109375,0.42187500838190317,0.859375,0.515625,0.859375,0.515625,0.21881105052307248,0.43762210104614496,0.3032197816054088,topk_set_agreement_below_threshold;topk_ordered_agreement_below_threshold;top1_flip_above_threshold,,
molora,success,False,/model.6/m.0/cv2/conv/TopK,sparse_topk,2,4,64,64,0.359375,0.296875,0.5625000060535967,0.640625,0.40625,0.640625,0.40625,0.16813278896734118,0.33626557793468237,0.23269018418319995,topk_set_agreement_below_threshold;topk_ordered_agreement_below_threshold;top1_flip_above_threshold,,
molora,success,False,/model.6/m.0/cv3/conv/TopK,sparse_topk,2,4,64,64,0.203125,0.078125,0.44791667396202683,0.796875,0.5,0.796875,0.5,0.21495313826017082,0.42990627652034163,0.2975990236110923,topk_set_agreement_below_threshold;topk_ordered_agreement_below_threshold;top1_flip_above_threshold,,
molora,success,False,/model.6/m.0/m/m.0/cv1/conv/TopK,sparse_topk,2,4,64,64,0.53125,0.53125,0.6875000046566129,0.46875,0.0,0.46875,0.0,0.11584918212611228,0.23169836425222456,0.16034549929794883,topk_set_agreement_below_threshold;topk_ordered_agreement_below_threshold,,
molora,success,False,/model.6/m.0/m/m.0/cv2/conv/TopK,sparse_topk,2,4,64,64,0.40625,0.375,0.5833333386108279,0.59375,0.46875,0.59375,0.46875,0.16410404129419476,0.3282080825883895,0.22742782281450918,topk_set_agreement_below_threshold;topk_ordered_agreement_below_threshold;top1_flip_above_threshold,,
molora,success,False,/model.6/m.0/m/m.1/cv1/conv/TopK,sparse_topk,2,4,64,64,0.453125,0.453125,0.6354166720993817,0.546875,0.0,0.546875,0.0,0.12797170272096992,0.25594340544193983,0.1768535645212696,topk_set_agreement_below_threshold;topk_ordered_agreement_below_threshold,,
molora,success,False,/model.6/m.0/m/m.1/cv2/conv/TopK,sparse_topk,2,4,64,64,0.40625,0.25,0.5833333386108279,0.59375,0.46875,0.59375,0.46875,0.1640581781975925,0.328116356395185,0.22738002661125262,topk_set_agreement_below_threshold;topk_ordered_agreement_below_threshold;top1_flip_above_threshold,,
molora,success,False,/model.7/conv/TopK,sparse_topk,2,4,64,64,0.359375,0.359375,0.5729166730307043,0.640625,0.0,0.640625,0.0,0.13315553951542825,0.2663110790308565,0.18386091452649536,topk_set_agreement_below_threshold;topk_ordered_agreement_below_threshold,,
molora,success,False,/model.8/cv1/conv/TopK,sparse_topk,2,4,64,64,0.59375,0.515625,0.703125003259629,0.40625,0.40625,0.40625,0.40625,0.12135695083998144,0.24271390167996287,0.16785684876584522,topk_set_agreement_below_threshold;topk_ordered_agreement_below_threshold;top1_flip_above_threshold,,
molora,success,False,/model.8/cv2/conv/TopK,sparse_topk,2,4,64,64,0.328125,0.15625,0.5104166720993817,0.671875,0.59375,0.671875,0.59375,0.19941126485355198,0.39882252970710397,0.2759374659277772,topk_set_agreement_below_threshold;topk_ordered_agreement_below_threshold;top1_flip_above_threshold,,
molora,success,False,/model.8/m.0/cv1/conv/TopK,sparse_topk,2,4,64,64,0.34375,0.28125,0.562500006519258,0.65625,0.3125,0.65625,0.3125,0.16413528728298843,0.32827057456597686,0.22708529385732154,topk_set_agreement_below_threshold;topk_ordered_agreement_below_threshold;top1_flip_above_threshold,,
molora,success,False,/model.8/m.0/cv2/conv/TopK,sparse_topk,2,4,64,64,0.203125,0.109375,0.4375000069849193,0.796875,0.546875,0.796875,0.546875,0.22273101727478206,0.4454620345495641,0.30840279004213295,topk_set_agreement_below_threshold;topk_ordered_agreement_below_threshold;top1_flip_above_threshold,,
molora,success,False,/model.8/m.0/cv3/conv/TopK,sparse_topk,2,4,64,64,0.390625,0.34375,0.5833333390764892,0.609375,0.4375,0.609375,0.4375,0.16058407141827047,0.32116814283654094,0.22196775532552143,topk_set_agreement_below_threshold;topk_ordered_agreement_below_threshold;top1_flip_above_threshold,,
molora,success,False,/model.8/m.0/m/m.0/cv1/conv/TopK,sparse_topk,2,4,64,64,0.4375,0.3125,0.6145833386108279,0.5625,0.421875,0.5625,0.421875,0.1484713435638696,0.2969426871277392,0.20557285147147641,topk_set_agreement_below_threshold;topk_ordered_agreement_below_threshold;top1_flip_above_threshold,,
molora,success,False,/model.8/m.0/m/m.0/cv2/conv/TopK,sparse_topk,2,4,64,64,0.703125,0.703125,0.8020833362825215,0.296875,0.0,0.296875,0.0,0.07101434550713748,0.14202869101427495,0.0977090871432135,topk_set_agreement_below_threshold;topk_ordered_agreement_below_threshold,,
molora,success,False,/model.8/m.0/m/m.1/cv1/conv/TopK,sparse_topk,2,4,64,64,0.1875,0.109375,0.45833334140479565,0.8125,0.5625,0.8125,0.5625,0.20317089976742864,0.4063417995348573,0.2813416250573911,topk_set_agreement_below_threshold;topk_ordered_agreement_below_threshold;top1_flip_above_threshold,,
molora,success,False,/model.8/m.0/m/m.1/cv2/conv/TopK,sparse_topk,2,4,64,64,0.515625,0.453125,0.6718750046566129,0.484375,0.265625,0.484375,0.265625,0.12517322902567685,0.2503464580513537,0.17313884299213386,topk_set_agreement_below_threshold;topk_ordered_agreement_below_threshold;top1_flip_above_threshold,,
molora,success,False,/model.9/cv1/conv/TopK,sparse_topk,2,4,64,64,0.375,0.171875,0.5572916720993817,0.625,0.578125,0.625,0.578125,0.17591280909255147,0.35182561818510294,0.2433790362011575,topk_set_agreement_below_threshold;topk_ordered_agreement_below_threshold;top1_flip_above_threshold,,
molora,success,False,/model.9/cv2/conv/TopK,sparse_topk,2,4,64,64,0.34375,0.34375,0.5572916730307043,0.65625,0.171875,0.65625,0.171875,0.16750474146101624,0.3350094829220325,0.2315276344320752,topk_set_agreement_below_threshold;topk_ordered_agreement_below_threshold;top1_flip_above_threshold,,
latent,success,False,/model.4/m.0/m.0.0/mlp/routing/TopK,sparse_topk,2,4,64,64,0.5625,0.359375,0.7083333376795053,0.4375,0.3125,0.4375,0.3125,0.1135166771709919,0.2270333543419838,0.14662142228904737,topk_set_agreement_below_threshold;topk_ordered_agreement_below_threshold;top1_flip_above_threshold,,
latent,success,False,/model.4/m.0/m.0.1/mlp/routing/TopK,sparse_topk,2,4,64,64,0.40625,0.34375,0.5885416720993817,0.59375,0.4375,0.59375,0.4375,0.1694068453507498,0.3388136907014996,0.2178341868998646,topk_set_agreement_below_threshold;topk_ordered_agreement_below_threshold;top1_flip_above_threshold,,
latent,success,False,/model.6/m.0/m.0.0/mlp/routing/TopK,sparse_topk,2,8,64,64,0.109375,0.046875,0.2604166711680591,0.890625,0.75,0.890625,0.75,0.16746625874657184,0.6698650349862874,0.4595156969661555,topk_set_agreement_below_threshold;topk_ordered_agreement_below_threshold;top1_flip_above_threshold,,
latent,success,False,/model.6/m.0/m.0.1/mlp/routing/TopK,sparse_topk,2,8,64,64,0.203125,0.15625,0.3854166720993817,0.796875,0.65625,0.796875,0.65625,0.131871692428831,0.527486769715324,0.36231277758314406,topk_set_agreement_below_threshold;topk_ordered_agreement_below_threshold;top1_flip_above_threshold,,
latent,success,False,/model.8/m.0/m.0.0/mlp/routing/TopK,sparse_topk,2,16,64,64,0.046875,0.015625,0.2135416716337204,0.953125,0.84375,0.953125,0.84375,0.08819037722423673,0.7055230177938938,0.4867268917835003,topk_set_agreement_below_threshold;topk_ordered_agreement_below_threshold;top1_flip_above_threshold,,
latent,success,False,/model.8/m.0/m.0.1/mlp/routing/TopK,sparse_topk,2,16,64,64,0.078125,0.046875,0.21875000419095159,0.921875,0.78125,0.921875,0.78125,0.0890471065940801,0.7123768527526408,0.4920146752152821,topk_set_agreement_below_threshold;topk_ordered_agreement_below_threshold;top1_flip_above_threshold,,
