domain,effective_experts_mean,effective_experts_std,expert,layer,mean_probability_mean,mean_probability_std,n_images,normalized_entropy_mean,normalized_entropy_std,top1_margin_mean,top1_margin_std,top1_share_mean,top1_share_std
COCO128,2.9803549628704786,0.0031285369038371647,DeformableTransformer,model.14.m.0,0.31587488390505314,0.0015070536060351252,128,0.994019340723753,0.00095547257390652,0.05702108232071623,0.004934833357097251,0.00361328125,0.006006546574117881
COCO128,2.9803549628704786,0.0031285369038371647,LocalConvTransformer,model.14.m.0,0.3346964286174625,0.0010276447347890624,128,0.994019340723753,0.00095547257390652,0.05702108232071623,0.004934833357097251,0.4592431640625,0.03346276616829949
COCO128,2.9803549628704786,0.0031285369038371647,WindowTransformer,model.14.m.0,0.3494286681525409,0.0015117712210320578,128,0.994019340723753,0.00095547257390652,0.05702108232071623,0.004934833357097251,0.5371435546875001,0.03325013353920459
COCO128,2.9985445123165846,0.000389202723798832,DeformableTransformer,model.14.m.1,0.3371294969692826,0.0011615557322717063,128,0.9995582806877792,0.00011814785619381736,0.012147229863330722,0.0019348112274839813,0.49467773437499996,0.051059817594457595
COCO128,2.9985445123165846,0.000389202723798832,LocalConvTransformer,model.14.m.1,0.3301797874737531,0.0007184945400618664,128,0.9995582806877792,0.00011814785619381736,0.012147229863330722,0.0019348112274839813,0.1530908203125,0.0395548642039864
COCO128,2.9985445123165846,0.000389202723798832,WindowTransformer,model.14.m.1,0.3326906901784241,0.0011848175592557343,128,0.9995582806877792,0.00011814785619381736,0.012147229863330722,0.0019348112274839813,0.3522314453125,0.06109768762829363
COCO128,2.9905362613499165,0.002310961341439415,DeformableTransformer,model.20.m.0,0.3395636973436922,0.0028819478256582078,128,0.9971237704157829,0.0007034869474072763,0.03486985625931993,0.004750721106759197,0.5177539062500001,0.058532771747793824
COCO128,2.9905362613499165,0.002310961341439415,LocalConvTransformer,model.20.m.0,0.33665505913086236,0.0030295481374181467,128,0.9971237704157829,0.0007034869474072763,0.03486985625931993,0.004750721106759197,0.45562988281250005,0.057656064743943566
COCO128,2.9905362613499165,0.002310961341439415,WindowTransformer,model.20.m.0,0.32378122210502625,0.0005838227239951237,128,0.9971237704157829,0.0007034869474072763,0.03486985625931993,0.004750721106759197,0.0266162109375,0.013382142507424337
COCO128,2.9987772088497877,0.0004682372025620678,DeformableTransformer,model.20.m.1,0.33903698762878776,0.002139448868797834,128,0.9996289131231606,0.00014213586308821005,0.011093443754361942,0.0025259136051083283,0.54564453125,0.09682623351869235
COCO128,2.9987772088497877,0.0004682372025620678,LocalConvTransformer,model.20.m.1,0.3298732484690845,0.0009788605031597689,128,0.9996289131231606,0.00014213586308821005,0.011093443754361942,0.0025259136051083283,0.1845849609375,0.05063191221789853
COCO128,2.9987772088497877,0.0004682372025620678,WindowTransformer,model.20.m.1,0.3310897438786924,0.0011950968680790614,128,0.9996289131231606,0.00014213586308821005,0.011093443754361942,0.0025259136051083283,0.2697705078125,0.07484654047054805
COCO128,3.0,0.0,DeformableTransformer,model.23.m.0,0.3333492507226765,2.548229101206612e-07,128,1.0,0.0,7.070136041420483e-05,1.1080189890726391e-07,0.0,0.0
COCO128,3.0,0.0,LocalConvTransformer,model.23.m.0,0.33323077531531453,5.838270167237271e-07,128,1.0,0.0,7.070136041420483e-05,1.1080189890726391e-07,0.0,0.0
COCO128,3.0,0.0,WindowTransformer,model.23.m.0,0.3334199534729123,3.3430935156336623e-07,128,1.0,0.0,7.070136041420483e-05,1.1080189890726391e-07,1.0,0.0
COCO128,3.0,0.0,DeformableTransformer,model.23.m.1,0.33332573901861906,1.9312075472404178e-07,128,1.0,0.0,4.5935658420148684e-05,2.5841300108768964e-07,0.0,0.0
COCO128,3.0,0.0,LocalConvTransformer,model.23.m.1,0.3333716713823378,1.52312414825701e-07,128,1.0,0.0,4.5935658420148684e-05,2.5841300108768964e-07,1.0,0.0
COCO128,3.0,0.0,WindowTransformer,model.23.m.1,0.33330258820205927,2.3123940579647716e-07,128,1.0,0.0,4.5935658420148684e-05,2.5841300108768964e-07,0.0,0.0
VisDrone,2.981856293976307,0.00297554819142277,DeformableTransformer,model.14.m.0,0.3165299117099494,0.0015571039489932033,128,0.9944777996279299,0.0009083586563846982,0.053463442804059014,0.004239849100213881,0.005615234375,0.004818292974563742
VisDrone,2.981856293976307,0.00297554819142277,LocalConvTransformer,model.14.m.0,0.33729401091113687,0.0014925741889328858,128,0.9944777996279299,0.0009083586563846982,0.053463442804059014,0.004239849100213881,0.4985546875,0.03835121107918441
VisDrone,2.981856293976307,0.00297554819142277,WindowTransformer,model.14.m.0,0.346176058286801,0.002107960318297092,128,0.9944777996279299,0.0009083586563846982,0.053463442804059014,0.004239849100213881,0.49583007812499996,0.039651852083047716
VisDrone,2.9980429634451866,0.0005661870324033106,DeformableTransformer,model.14.m.1,0.3374732728116214,0.0009896360929696536,128,0.999406011775136,0.00017190300104737022,0.013689354251255281,0.0023582864352168532,0.4752880859375,0.04198117945922711
VisDrone,2.9980429634451866,0.0005661870324033106,LocalConvTransformer,model.14.m.1,0.3299333422910422,0.000667240188027746,128,0.999406011775136,0.00017190300104737022,0.013689354251255281,0.0023582864352168532,0.13123046875,0.030893332476617453
VisDrone,2.9980429634451866,0.0005661870324033106,WindowTransformer,model.14.m.1,0.33259336673654616,0.0007743457746184828,128,0.999406011775136,0.00017190300104737022,0.013689354251255281,0.0023582864352168532,0.3934814453125,0.051881888333674325
VisDrone,2.9920306000858545,0.0012820182369116596,DeformableTransformer,model.20.m.0,0.33926999545656145,0.001973895163366041,128,0.9975786875002086,0.00039005585102275535,0.03167992868111469,0.002704441265520943,0.5345556640625,0.04580797714188151
VisDrone,2.9920306000858545,0.0012820182369116596,LocalConvTransformer,model.20.m.0,0.33610838931053877,0.0020136163689559775,128,0.9975786875002086,0.00039005585102275535,0.03167992868111469,0.002704441265520943,0.41478515624999995,0.04795045409183513
VisDrone,2.9920306000858545,0.0012820182369116596,WindowTransformer,model.20.m.0,0.32462158845737576,0.00032923705425291023,128,0.9975786875002086,0.00039005585102275535,0.03167992868111469,0.002704441265520943,0.0506591796875,0.023015516605906318
VisDrone,2.999133702367544,0.0003682308176377258,DeformableTransformer,model.20.m.1,0.33735635108314455,0.0015727743521127097,128,0.9997371234931052,0.00011177089198666234,0.008847297096508555,0.0018031386057385799,0.4833837890625,0.0774725919651947
VisDrone,2.999133702367544,0.0003682308176377258,LocalConvTransformer,model.20.m.1,0.3306829798966646,0.0007056216232744118,128,0.9997371234931052,0.00011177089198666234,0.008847297096508555,0.0018031386057385799,0.173583984375,0.044676046063564866
VisDrone,2.999133702367544,0.0003682308176377258,WindowTransformer,model.20.m.1,0.33196065458469093,0.000901972364429491,128,0.9997371234931052,0.00011177089198666234,0.008847297096508555,0.0018031386057385799,0.3430322265625,0.06651674728083358
VisDrone,3.0,0.0,DeformableTransformer,model.23.m.0,0.3333494698163122,1.5732704622116094e-07,128,1.0,0.0,7.068157384537699e-05,8.065373075093215e-08,0.0,0.0
VisDrone,3.0,0.0,LocalConvTransformer,model.23.m.0,0.33323035249486566,3.6304973386454355e-07,128,1.0,0.0,7.068157384537699e-05,8.065373075093215e-08,0.0,0.0
VisDrone,3.0,0.0,WindowTransformer,model.23.m.0,0.3334201511461288,2.1277043056469647e-07,128,1.0,0.0,7.068157384537699e-05,8.065373075093215e-08,1.0,0.0
VisDrone,3.0,0.0,DeformableTransformer,model.23.m.1,0.3333258463535458,1.7129558748954757e-07,128,1.0,0.0,4.597103745140885e-05,2.1918244702712206e-07,0.0,0.0
VisDrone,3.0,0.0,LocalConvTransformer,model.23.m.1,0.3333718164358288,1.1498734561844255e-07,128,1.0,0.0,4.597103745140885e-05,2.1918244702712206e-07,1.0,0.0
VisDrone,3.0,0.0,WindowTransformer,model.23.m.1,0.33330233418382704,1.84852203566719e-07,128,1.0,0.0,4.597103745140885e-05,2.1918244702712206e-07,0.0,0.0
brain-tumor,2.9812000282108784,0.0033300873753359063,DeformableTransformer,model.14.m.0,0.3164120763540268,0.001822897571903731,128,0.9942773273214698,0.0010169534342891614,0.0500265103764832,0.005895553527794863,0.0016650390625,0.004572172052966366
brain-tumor,2.9812000282108784,0.0033300873753359063,LocalConvTransformer,model.14.m.0,0.33416995755396783,0.000611036598115202,128,0.9942773273214698,0.0010169534342891614,0.0500265103764832,0.005895553527794863,0.523427734375,0.031137097660701094
brain-tumor,2.9812000282108784,0.0033300873753359063,WindowTransformer,model.14.m.0,0.3494179423432797,0.001572848649329861,128,0.9942773273214698,0.0010169534342891614,0.0500265103764832,0.005895553527794863,0.4749072265625,0.03110706384072249
brain-tumor,2.999049762263894,0.0001461600212643391,DeformableTransformer,model.14.m.1,0.33628083439543843,0.0006573313302139787,128,0.9997116532176733,4.436146407246e-05,0.010419545695185661,0.001434690762933397,0.43219238281250005,0.03033776760563054
brain-tumor,2.999049762263894,0.0001461600212643391,LocalConvTransformer,model.14.m.1,0.3292495175264776,0.0004499750691551632,128,0.9997116532176733,4.436146407246e-05,0.010419545695185661,0.001434690762933397,0.07084472656249999,0.02029958172553636
brain-tumor,2.999049762263894,0.0001461600212643391,WindowTransformer,model.14.m.1,0.3344696266576648,0.00042699384989304133,128,0.9997116532176733,4.436146407246e-05,0.010419545695185661,0.001434690762933397,0.496962890625,0.04071713011602832
brain-tumor,2.9938246849924326,0.000854371688537941,DeformableTransformer,model.20.m.0,0.3426346629858017,0.001576482672462203,128,0.998124370817095,0.0002598032427975372,0.029920671629952267,0.002633574894683484,0.6079736328125,0.041278007827446006
brain-tumor,2.9938246849924326,0.000854371688537941,LocalConvTransformer,model.20.m.0,0.33293030597269535,0.001873350400685619,128,0.998124370817095,0.0002598032427975372,0.029920671629952267,0.002633574894683484,0.36905273437499997,0.04520322551317583
brain-tumor,2.9938246849924326,0.000854371688537941,WindowTransformer,model.20.m.0,0.3244350126478821,0.00035028495616994815,128,0.998124370817095,0.0002598032427975372,0.029920671629952267,0.002633574894683484,0.0229736328125,0.01081046049837593
brain-tumor,2.9992214776575565,0.00021397643869049062,DeformableTransformer,model.20.m.1,0.3393464821856469,0.001073789667065062,128,0.999763760715723,6.493930824480099e-05,0.009031939869601047,0.0013671986065460302,0.7206298828125,0.06929226445976878
brain-tumor,2.9992214776575565,0.00021397643869049062,LocalConvTransformer,model.20.m.1,0.33030616492033005,0.00046876583778821435,128,0.999763760715723,6.493930824480099e-05,0.009031939869601047,0.0013671986065460302,0.150751953125,0.03968164709577975
brain-tumor,2.9992214776575565,0.00021397643869049062,WindowTransformer,model.20.m.1,0.33034733310341835,0.0006148156870221244,128,0.999763760715723,6.493930824480099e-05,0.009031939869601047,0.0013671986065460302,0.12861816406249998,0.052571172483854706
brain-tumor,3.0,0.0,DeformableTransformer,model.23.m.0,0.33334964350797236,2.1302193446694161e-07,128,1.0,0.0,7.084216508701502e-05,6.100294600143819e-08,0.0,0.0
brain-tumor,3.0,0.0,LocalConvTransformer,model.23.m.0,0.3332298523746431,4.6187141259529526e-07,128,1.0,0.0,7.084216508701502e-05,6.100294600143819e-08,0.0,0.0
brain-tumor,3.0,0.0,WindowTransformer,model.23.m.0,0.33342048176564276,2.54414665241697e-07,128,1.0,0.0,7.084216508701502e-05,6.100294600143819e-08,1.0,0.0
brain-tumor,3.0,0.0,DeformableTransformer,model.23.m.1,0.3333257953636348,8.838300417502984e-08,128,1.0,0.0,4.603678277703693e-05,1.178348832622556e-07,0.0,0.0
brain-tumor,3.0,0.0,LocalConvTransformer,model.23.m.1,0.33337183273397386,6.906180863645577e-08,128,1.0,0.0,4.603678277703693e-05,1.178348832622556e-07,1.0,0.0
brain-tumor,3.0,0.0,WindowTransformer,model.23.m.1,0.3333023732993752,9.926205800178081e-08,128,1.0,0.0,4.603678277703693e-05,1.178348832622556e-07,0.0,0.0
COCO128,2.9947021575644612,0.0006933578657435585,DeformableTransformer,all,0.33304667593135184,0.0007347869761334432,128,0.9983883841584127,0.00021139821097251359,0.019208041536093862,0.0014689617473670998,0.2602815755208333,0.024921650930398127
COCO128,2.9947021575644612,0.0006933578657435585,LocalConvTransformer,all,0.33300116173146915,0.0006664855614838582,128,0.9983883841584127,0.00021139821097251359,0.019208041536093862,0.0014689617473670998,0.37542480468750006,0.019115815773626074
COCO128,2.9947021575644612,0.0006933578657435585,WindowTransformer,all,0.3339521443316092,0.00035893722523986233,128,0.9983883841584127,0.00021139821097251359,0.019208041536093862,0.0014689617473670998,0.3642936197916667,0.017176592406524794
VisDrone,2.995177259979149,0.0005512398544404084,DeformableTransformer,all,0.33288414120518917,0.0006387937284087334,128,0.9985332703993965,0.00016813347305770734,0.017966112574039052,0.0010476918475725073,0.24980712890624998,0.018997141325505104
VisDrone,2.995177259979149,0.0005512398544404084,LocalConvTransformer,all,0.3334368152233461,0.0005420753379541442,128,0.9985332703993965,0.00016813347305770734,0.017966112574039052,0.0010476918475725073,0.36969238281249994,0.0147218815824839
VisDrone,2.995177259979149,0.0005512398544404084,WindowTransformer,all,0.3336790255658949,0.00036003375009299884,128,0.9985332703993965,0.00016813347305770734,0.017966112574039052,0.0010476918475725073,0.38050048828125,0.01524464920022926
brain-tumor,2.995549325520794,0.0006016206546838512,DeformableTransformer,all,0.33355824913208687,0.0006570134150558824,128,0.9986461853453269,0.00018362612845429328,0.016585924419847704,0.0013188827988378795,0.2937434895833333,0.015640203397377914
brain-tumor,2.995549325520794,0.0006016206546838512,LocalConvTransformer,all,0.332209605180348,0.0004583239207247248,128,0.9986461853453269,0.00018362612845429328,0.016585924419847704,0.0013188827988378795,0.35234619140625,0.01346452998241893
brain-tumor,2.995549325520794,0.0006016206546838512,WindowTransformer,all,0.3342321283028772,0.0002860099273579191,128,0.9986461853453269,0.00018362612845429328,0.016585924419847704,0.0013188827988378795,0.3539103190104167,0.010951032142098057
