domain,image_id,sample_fingerprint,sha256,size_bytes
VisDrone,0000001_03999_d_0000007.jpg,d308e68fe81e3f88502ac8d71b8297a8c80ca1d0d744d6cac25727fd567d2b3f,d308e68fe81e3f88502ac8d71b8297a8c80ca1d0d744d6cac25727fd567d2b3f,424551
VisDrone,0000001_05499_d_0000010.jpg,5a0883d0e8773b0717c4e89e5719aeace55f1d8f14884984bab837a623a51732,5a0883d0e8773b0717c4e89e5719aeace55f1d8f14884984bab837a623a51732,388013
VisDrone,0000022_00500_d_0000005.jpg,d0edc550a71096c2c459c7d060bf45e72af51deb1dfb88ad45d25ebedb700ade,d0edc550a71096c2c459c7d060bf45e72af51deb1dfb88ad45d25ebedb700ade,72128
VisDrone,0000022_01036_d_0000006.jpg,b444df95836457c96613401bd1367095daf3c63f0fc891ba8b4a9d2211aa0ba4,b444df95836457c96613401bd1367095daf3c63f0fc891ba8b4a9d2211aa0ba4,65497
VisDrone,0000022_01251_d_0000007.jpg,a5666fe77fa867840bcee14035519cabfce020ecb71a73df6f355740f6577c41,a5666fe77fa867840bcee14035519cabfce020ecb71a73df6f355740f6577c41,73777
VisDrone,0000023_01233_d_0000011.jpg,0745a2292c92123fbce7d8e314cc11e1dd3ea3e6cbb9aeb216de479a71c7a7cd,0745a2292c92123fbce7d8e314cc11e1dd3ea3e6cbb9aeb216de479a71c7a7cd,67015
VisDrone,0000024_01000_d_0000014.jpg,0633cf1f0ab2c2d8fcde55d014465d875433cac69edbb643e8b9485f60ba1269,0633cf1f0ab2c2d8fcde55d014465d875433cac69edbb643e8b9485f60ba1269,87745
VisDrone,0000024_01543_d_0000015.jpg,060a42ec3ff7f4f601f91dadcc2acb2dadea6a1ab05ad79525c8784dc586e3ff,060a42ec3ff7f4f601f91dadcc2acb2dadea6a1ab05ad79525c8784dc586e3ff,113419
VisDrone,0000026_00000_d_0000024.jpg,be751662933a2f2d4d30adc4e47334cc66b14c93450e067ccf8a97d8da8729f6,be751662933a2f2d4d30adc4e47334cc66b14c93450e067ccf8a97d8da8729f6,182794
VisDrone,0000026_00500_d_0000025.jpg,993376b691f28c6f424bd6545df84e2d87c69ebe7075cd2d55faace64b474f5d,993376b691f28c6f424bd6545df84e2d87c69ebe7075cd2d55faace64b474f5d,150402
VisDrone,0000026_02500_d_0000029.jpg,e05a504c45eb933ea1dce333cdec75f44572754f3c61e2b2502bf84db2cc1d3a,e05a504c45eb933ea1dce333cdec75f44572754f3c61e2b2502bf84db2cc1d3a,167200
VisDrone,0000086_00592_d_0000002.jpg,2ef2cc4b0d13bbd04a524d3a44639884a3eac8f88ec04342674b56e79aa844f2,2ef2cc4b0d13bbd04a524d3a44639884a3eac8f88ec04342674b56e79aa844f2,90071
VisDrone,0000103_00180_d_0000026.jpg,a8a1f532e31498e35aed6dc795f78164da09511c8d13e17a5ffaf76d62f7fe52,a8a1f532e31498e35aed6dc795f78164da09511c8d13e17a5ffaf76d62f7fe52,87518
VisDrone,0000103_01734_d_0000028.jpg,17ef972a75056f32b27b849596e8fedec70b4150dc3479a9cd0de039ee0e4fb2,17ef972a75056f32b27b849596e8fedec70b4150dc3479a9cd0de039ee0e4fb2,114208
VisDrone,0000103_04513_d_0000034.jpg,601699857a77acecd6d9e57552b123846b4e634bb2cb67998855d840b5ead0c8,601699857a77acecd6d9e57552b123846b4e634bb2cb67998855d840b5ead0c8,101470
VisDrone,0000115_00315_d_0000080.jpg,19a3fdf81cfbdac963e29d571a3590d9c951d2045c6360a2c0f31ad1e57dfad5,19a3fdf81cfbdac963e29d571a3590d9c951d2045c6360a2c0f31ad1e57dfad5,64371
VisDrone,0000117_01731_d_0000089.jpg,ead4b8e97cdd1d4d3baf81664a71b0108bf21800316a1719257e00318edadcf7,ead4b8e97cdd1d4d3baf81664a71b0108bf21800316a1719257e00318edadcf7,91740
VisDrone,0000117_02708_d_0000090.jpg,920d0a507ad335fb180259848c88c45f4e265012eb4438bb1d9f86c0cde98332,920d0a507ad335fb180259848c88c45f4e265012eb4438bb1d9f86c0cde98332,110937
VisDrone,0000117_03096_d_0000091.jpg,c84fe3b827654171c44216fd26925565f32da1431348eb872abb326075151722,c84fe3b827654171c44216fd26925565f32da1431348eb872abb326075151722,97284
VisDrone,0000153_01801_d_0000001.jpg,21aa6211aa97bfd40efaddf1a6fd874717854c139989ee19335f31ddae51cce0,21aa6211aa97bfd40efaddf1a6fd874717854c139989ee19335f31ddae51cce0,93291
VisDrone,0000154_00801_d_0000001.jpg,cf0bf7d9ec5b6aa21a2c142d13b2ee25dbe588b216cf27360a9ce4a9b4d1dea3,cf0bf7d9ec5b6aa21a2c142d13b2ee25dbe588b216cf27360a9ce4a9b4d1dea3,80960
VisDrone,0000154_01601_d_0000001.jpg,5701c1abb2849684bb43050741b1127e859d3b0ffd8e503b08a5702fd305c864,5701c1abb2849684bb43050741b1127e859d3b0ffd8e503b08a5702fd305c864,88439
VisDrone,0000155_01601_d_0000001.jpg,577a57a7e9312daad93eb44d59f986dfc0f9f8a0913e59f0252606668f379d9d,577a57a7e9312daad93eb44d59f986dfc0f9f8a0913e59f0252606668f379d9d,87763
VisDrone,0000193_02606_d_0000117.jpg,ccb7dba0f900604083eebd1e65667dc839a27b67ff7d6fdb55a0bac27c74baff,ccb7dba0f900604083eebd1e65667dc839a27b67ff7d6fdb55a0bac27c74baff,116277
VisDrone,0000194_00399_d_0000121.jpg,7187015e5cfa468e0fc06880149ea4c44933145915acd891caafda6d4decc51c,7187015e5cfa468e0fc06880149ea4c44933145915acd891caafda6d4decc51c,89029
VisDrone,0000194_00625_d_0000122.jpg,955b78e39f7df8a96ea83b14407b5e886bf6b0322603617a9bb8b32a046ccbb0,955b78e39f7df8a96ea83b14407b5e886bf6b0322603617a9bb8b32a046ccbb0,94435
VisDrone,0000194_00800_d_0000123.jpg,acc6384751925d5095efdbd767b1cd3b09e786d43377aae17aa2a23d5ff2a7ef,acc6384751925d5095efdbd767b1cd3b09e786d43377aae17aa2a23d5ff2a7ef,103782
VisDrone,0000194_01192_d_0000125.jpg,875bdda436483a6e93fb1140cdfe2e2899da4b019f7c9118b2b53ade5b13e4f1,875bdda436483a6e93fb1140cdfe2e2899da4b019f7c9118b2b53ade5b13e4f1,109123
VisDrone,0000213_02965_d_0000241.jpg,19385bbcd67ae83976bc67b34576139f07a38fedbbcd42426db9b01f7426d643,19385bbcd67ae83976bc67b34576139f07a38fedbbcd42426db9b01f7426d643,222676
VisDrone,0000213_04405_d_0000244.jpg,5a44970d08c0ed75a021e9104452d993e7b4db2aeb2229c1aa86ec86095dd09b,5a44970d08c0ed75a021e9104452d993e7b4db2aeb2229c1aa86ec86095dd09b,205844
VisDrone,0000213_04998_d_0000245.jpg,97fca2d226f8109ba84c32c8a6bc60951d27486ac063d5a114eba18214a14cb2,97fca2d226f8109ba84c32c8a6bc60951d27486ac063d5a114eba18214a14cb2,231754
VisDrone,0000215_02319_d_0000261.jpg,51ac30b316928170b71ccb0f3c89a77d3ad9760aeafadd3b51d56dc2c0417f6e,51ac30b316928170b71ccb0f3c89a77d3ad9760aeafadd3b51d56dc2c0417f6e,109364
VisDrone,0000223_01802_d_0000005.jpg,f31718f8b097c63ae2f1fe2a59521d72ca1e90cb1f8dbb4acb87a39bb3db42d9,f31718f8b097c63ae2f1fe2a59521d72ca1e90cb1f8dbb4acb87a39bb3db42d9,358838
VisDrone,0000242_00843_d_0000004.jpg,565767f8bd00a5ef8a26aa46ddcf195f9b4b69a60b468294c7e48cafe2774ac8,565767f8bd00a5ef8a26aa46ddcf195f9b4b69a60b468294c7e48cafe2774ac8,59489
VisDrone,0000242_00963_d_0000005.jpg,86286c0232d1af376c27034269bd468059e541ce74266d157bcfd57f77da7fa3,86286c0232d1af376c27034269bd468059e541ce74266d157bcfd57f77da7fa3,111816
VisDrone,0000242_01475_d_0000007.jpg,7ef6faae178970e43079949c58d999c6909b212794689c23d84b84babdd3c76d,7ef6faae178970e43079949c58d999c6909b212794689c23d84b84babdd3c76d,90369
VisDrone,0000242_04116_d_0000013.jpg,de2db8dd47b19480b39f58c1a616dda27217afb76e5658bd9bb679755868a1d2,de2db8dd47b19480b39f58c1a616dda27217afb76e5658bd9bb679755868a1d2,131835
VisDrone,0000242_05059_d_0000015.jpg,8549bb921ed98b904053b2844c6e9dad047bc27bb3253352bcdb9506e26659b5,8549bb921ed98b904053b2844c6e9dad047bc27bb3253352bcdb9506e26659b5,132925
VisDrone,0000244_01500_d_0000004.jpg,5d017547a657d5e89de57ed2d89515124f9ad2ec7a027e0b462397132db0873c,5d017547a657d5e89de57ed2d89515124f9ad2ec7a027e0b462397132db0873c,101061
VisDrone,0000244_02500_d_0000006.jpg,52575cd332519cd96cacfe3d026383892672a16bfab312e9b120e5bb4bcc0798,52575cd332519cd96cacfe3d026383892672a16bfab312e9b120e5bb4bcc0798,95206
VisDrone,0000249_02073_d_0000007.jpg,c7e467522164296f0254947233fdf2b27b00d167255109bcd1dbb975fe7055e1,c7e467522164296f0254947233fdf2b27b00d167255109bcd1dbb975fe7055e1,114759
VisDrone,0000249_02468_d_0000008.jpg,449edea9d7126b25ef01f0781de76c9c2e75c3691eb3c0dd40c2ba713e9975af,449edea9d7126b25ef01f0781de76c9c2e75c3691eb3c0dd40c2ba713e9975af,111548
VisDrone,0000249_02900_d_0000009.jpg,1fac10f48fca27dc619c664aa02672a77f52040b369a4ab579349e585e331d65,1fac10f48fca27dc619c664aa02672a77f52040b369a4ab579349e585e331d65,107284
VisDrone,0000253_00001_d_0000001.jpg,5f6fe4010a9c5ac3d402e0f030b57abfc9c8d2ad79f44f894299416f853c48e7,5f6fe4010a9c5ac3d402e0f030b57abfc9c8d2ad79f44f894299416f853c48e7,104202
VisDrone,0000256_00715_d_0000019.jpg,15bb9a5e67b3f4d997d61341d09c53e97637892c0305c3e93c5aa1488d6c93d2,15bb9a5e67b3f4d997d61341d09c53e97637892c0305c3e93c5aa1488d6c93d2,190201
VisDrone,0000263_02401_d_0000179.jpg,b6fc0da322f4e9905970f8c690d093c535ccfc59f6e2d5b8394b3b5f1161b342,b6fc0da322f4e9905970f8c690d093c535ccfc59f6e2d5b8394b3b5f1161b342,99207
VisDrone,0000271_01401_d_0000380.jpg,3775ca87a8e15ff72f745c1adaa0f5a30462f88d37b3d1f8c15d74686719bf8b,3775ca87a8e15ff72f745c1adaa0f5a30462f88d37b3d1f8c15d74686719bf8b,169896
VisDrone,0000271_03801_d_0000391.jpg,fa4e64da680ea70f29a2b7eeeb4951be743190b980cf1057f52d01378430f7a5,fa4e64da680ea70f29a2b7eeeb4951be743190b980cf1057f52d01378430f7a5,162404
VisDrone,0000271_07001_d_0000407.jpg,edd5a30d1823209ce4c6d1882dd40b9112f2e80e856aeced591cbf4862888a80,edd5a30d1823209ce4c6d1882dd40b9112f2e80e856aeced591cbf4862888a80,155972
VisDrone,0000271_07401_d_0000409.jpg,d253f1b992619ad6a6b0b447de7fbd92be4721fd9a95d4575bae4da148e640c5,d253f1b992619ad6a6b0b447de7fbd92be4721fd9a95d4575bae4da148e640c5,174459
VisDrone,0000276_02201_d_0000518.jpg,6ab6b0a0a212fb371bbb6fba5515866ea99542ba608485428330b25be012ebbb,6ab6b0a0a212fb371bbb6fba5515866ea99542ba608485428330b25be012ebbb,227451
VisDrone,0000276_03401_d_0000524.jpg,7d33fa9b5b3842b1a6a6fb3f380d886ec07eb79e7d816bf36b016845d1796ef4,7d33fa9b5b3842b1a6a6fb3f380d886ec07eb79e7d816bf36b016845d1796ef4,213188
VisDrone,0000276_04201_d_0000528.jpg,a333e62178dd82236ecd59c8b458fe829388f7986e669c44efceadd94471f236,a333e62178dd82236ecd59c8b458fe829388f7986e669c44efceadd94471f236,235335
VisDrone,0000276_04401_d_0000529.jpg,dc1d2a2a66240385cfb43bb492b434b9a555382019f0eacbd89c0f2dd79d72d8,dc1d2a2a66240385cfb43bb492b434b9a555382019f0eacbd89c0f2dd79d72d8,227794
VisDrone,0000276_05001_d_0000532.jpg,142023b126a0ad4329ec0f3c597de333ddca4e9606d3d76510e9bbd96d101374,142023b126a0ad4329ec0f3c597de333ddca4e9606d3d76510e9bbd96d101374,273988
VisDrone,0000277_00201_d_0000540.jpg,ca58789d2ee482bcaf699dbbd4f39a972a4ef52b247efb43a9da0bdb206d93b6,ca58789d2ee482bcaf699dbbd4f39a972a4ef52b247efb43a9da0bdb206d93b6,141598
VisDrone,0000277_02201_d_0000550.jpg,159488eaecc2ab5565c3c8511882cb0eb8853586af19a50d747798b237827ccd,159488eaecc2ab5565c3c8511882cb0eb8853586af19a50d747798b237827ccd,131347
VisDrone,0000277_02601_d_0000552.jpg,cd66bdaaabba5217fd7be47dfa42ab9e9ebc5c6688b28cb5eb5086f4863e6857,cd66bdaaabba5217fd7be47dfa42ab9e9ebc5c6688b28cb5eb5086f4863e6857,144587
VisDrone,0000277_04001_d_0000558.jpg,ac9eff46673413c09b6afa4a93620e22d3445024ad0dd2beff18322058f6476a,ac9eff46673413c09b6afa4a93620e22d3445024ad0dd2beff18322058f6476a,144769
VisDrone,0000277_04401_d_0000560.jpg,b5da24ef99b5bd7e6bc7bdbc5f628d2d2b433578bcee5e2990fd30fb93574d57,b5da24ef99b5bd7e6bc7bdbc5f628d2d2b433578bcee5e2990fd30fb93574d57,134396
VisDrone,0000280_00001_d_0000612.jpg,2365321024b6c7af638530cfc82b53b9ac50312256c27adb8b2f760f83a89f21,2365321024b6c7af638530cfc82b53b9ac50312256c27adb8b2f760f83a89f21,170846
VisDrone,0000280_00201_d_0000613.jpg,bfb3708d93071b601429625df76e53cdc669c775d8465ad5a094f5e402429c4f,bfb3708d93071b601429625df76e53cdc669c775d8465ad5a094f5e402429c4f,149241
VisDrone,0000280_00401_d_0000614.jpg,8ccd2b9e054074349516374809add04e20aab9e960dd0801965045b59e005bfb,8ccd2b9e054074349516374809add04e20aab9e960dd0801965045b59e005bfb,161589
VisDrone,0000280_02601_d_0000625.jpg,699e555f74224ce5aed63cacbf94f495465da2cf16f1a1df9d829f4f3c9b3e10,699e555f74224ce5aed63cacbf94f495465da2cf16f1a1df9d829f4f3c9b3e10,192889
VisDrone,0000280_03201_d_0000628.jpg,0fa971b76cbc216dd57cca28f2e04d419a5e45ace944d1ab5c1d56499daee042,0fa971b76cbc216dd57cca28f2e04d419a5e45ace944d1ab5c1d56499daee042,172906
VisDrone,0000280_03401_d_0000629.jpg,7f5e5731d86ae59b2a6f90f9234018818e2cef0d907f9bd8a8494574a1134e90,7f5e5731d86ae59b2a6f90f9234018818e2cef0d907f9bd8a8494574a1134e90,173905
VisDrone,0000287_00001_d_0000759.jpg,a5322a39be7c689f4c9cad18f02dff493ea7bfe1540677a24f280923126e973e,a5322a39be7c689f4c9cad18f02dff493ea7bfe1540677a24f280923126e973e,192499
VisDrone,0000287_00401_d_0000761.jpg,bcb1ea46a5265399e98fa2d79bc9a84c4ad3fb711a30a33514041800a57007b8,bcb1ea46a5265399e98fa2d79bc9a84c4ad3fb711a30a33514041800a57007b8,167155
VisDrone,0000287_00801_d_0000763.jpg,a16cd02f5c4eb96e69f018cc12781b0c01b7724a86fab3f62608d796e6439198,a16cd02f5c4eb96e69f018cc12781b0c01b7724a86fab3f62608d796e6439198,169202
VisDrone,0000287_02001_d_0000769.jpg,117c06d6a0f3397ef59f74bde1f10aadafbe1be461347544478a48231d57a6fa,117c06d6a0f3397ef59f74bde1f10aadafbe1be461347544478a48231d57a6fa,174341
VisDrone,0000287_02201_d_0000770.jpg,e06c203751be9f18ca6f3191c68fcfb0e10dfc4ba1580378294547f75cc337ab,e06c203751be9f18ca6f3191c68fcfb0e10dfc4ba1580378294547f75cc337ab,167687
VisDrone,0000287_04601_d_0000780.jpg,1a47b573fc800844a71116e8524fa8e32ecc9fb19142fca8ab66dcaea89a10e8,1a47b573fc800844a71116e8524fa8e32ecc9fb19142fca8ab66dcaea89a10e8,173835
VisDrone,0000287_04801_d_0000781.jpg,67ebb4854d3807bc0c58d84d2fd9fcfef0ac0e98f72d3634342b60496ea874c1,67ebb4854d3807bc0c58d84d2fd9fcfef0ac0e98f72d3634342b60496ea874c1,174723
VisDrone,0000289_01201_d_0000817.jpg,ca30cbc639b00be34e774dd461813986bceac09a02a7538f0a34df478ab3e0e5,ca30cbc639b00be34e774dd461813986bceac09a02a7538f0a34df478ab3e0e5,143376
VisDrone,0000289_01401_d_0000818.jpg,0bfacb47f15c9dc45b4a63bc5fdbacf58c8696a457d10c226255494ae3014d68,0bfacb47f15c9dc45b4a63bc5fdbacf58c8696a457d10c226255494ae3014d68,178014
VisDrone,0000289_03401_d_0000828.jpg,66457d5c3531478f90e2044630f9eb09d8beaa383dfe2bfa1fca74f6e62d2c1e,66457d5c3531478f90e2044630f9eb09d8beaa383dfe2bfa1fca74f6e62d2c1e,149961
VisDrone,0000289_04001_d_0000831.jpg,4346853b541ba8d3f9b50c1baed94160775b3f96d97436fb69fefda9b8378a49,4346853b541ba8d3f9b50c1baed94160775b3f96d97436fb69fefda9b8378a49,140463
VisDrone,0000289_05201_d_0000837.jpg,c2c1df5c08d2a371939a5da4d39674a9ab3a324ba33d7330826aed1a23319bdd,c2c1df5c08d2a371939a5da4d39674a9ab3a324ba33d7330826aed1a23319bdd,153297
VisDrone,0000289_05401_d_0000838.jpg,5131efcfa822d4a63a46b08621789cde0e44e37e035a57fde3333c1e90ce9192,5131efcfa822d4a63a46b08621789cde0e44e37e035a57fde3333c1e90ce9192,156916
VisDrone,0000289_07001_d_0000846.jpg,3f659231c78b1c2b77fe64a3fdd2e7842e89be3dceb208e9a4a412377301d5d0,3f659231c78b1c2b77fe64a3fdd2e7842e89be3dceb208e9a4a412377301d5d0,183701
VisDrone,0000289_07201_d_0000847.jpg,396e7ff716e7779099a5db6c185faa5ff39d97bb8fcae2d639001fe37e23c2b2,396e7ff716e7779099a5db6c185faa5ff39d97bb8fcae2d639001fe37e23c2b2,212206
VisDrone,0000290_04001_d_0000867.jpg,200ccc867bb6ea521c7c466c99343a82c538b6e478717cbb2da7d64ec3c38956,200ccc867bb6ea521c7c466c99343a82c538b6e478717cbb2da7d64ec3c38956,224552
VisDrone,0000291_00201_d_0000869.jpg,ecf0a4b2a657d606844b537d44febe1c32c81a3e129dd767fa9772e91632d086,ecf0a4b2a657d606844b537d44febe1c32c81a3e129dd767fa9772e91632d086,157345
VisDrone,0000291_00401_d_0000870.jpg,c2fcfe15053d0de805ef995f81b16b11e9e583472df232ffb22b30e0275a329b,c2fcfe15053d0de805ef995f81b16b11e9e583472df232ffb22b30e0275a329b,188896
VisDrone,0000291_01601_d_0000876.jpg,43fd08da0ebef2fd4031e5687fb4a112d444274d59e685c77dcea937d19b85a8,43fd08da0ebef2fd4031e5687fb4a112d444274d59e685c77dcea937d19b85a8,140273
VisDrone,0000291_02201_d_0000879.jpg,888abd296fa6d940b63b968d73a2d14e3234678876168b77ea54428081a47c24,888abd296fa6d940b63b968d73a2d14e3234678876168b77ea54428081a47c24,192326
VisDrone,0000291_04201_d_0000889.jpg,bd93cfa6c19bbb8befef10b0e44414edd326b6e82b6a97ab4c991d4d8a34bf8d,bd93cfa6c19bbb8befef10b0e44414edd326b6e82b6a97ab4c991d4d8a34bf8d,180891
VisDrone,0000293_03601_d_0000940.jpg,2a4da79988c16e08fcffb64b15aec88060ba9f52012ab42585e9174a2ab788ab,2a4da79988c16e08fcffb64b15aec88060ba9f52012ab42585e9174a2ab788ab,193171
VisDrone,0000295_00800_d_0000025.jpg,4d4d55df101fa6c84006bc0d2e9dd213d5ee8c96ba99ddcfc72b471c5ecb4827,4d4d55df101fa6c84006bc0d2e9dd213d5ee8c96ba99ddcfc72b471c5ecb4827,194388
VisDrone,0000296_01001_d_0000040.jpg,93f5ec0f5994c9299b48a62b3466d18ea5122735d043914b9e9d31e8915099e9,93f5ec0f5994c9299b48a62b3466d18ea5122735d043914b9e9d31e8915099e9,207757
VisDrone,0000300_03201_d_0000154.jpg,1dbfd7422f497c33ea8013c6c37b6d6901d2f596a9a81afeff957ab58884eaac,1dbfd7422f497c33ea8013c6c37b6d6901d2f596a9a81afeff957ab58884eaac,190717
VisDrone,0000301_01001_d_0000161.jpg,9c414c5aaf2552182ff375d8979e33670d3f2cf006965877f460e3d00ec02c29,9c414c5aaf2552182ff375d8979e33670d3f2cf006965877f460e3d00ec02c29,136294
VisDrone,0000312_00001_d_0000414.jpg,edcf9185a8a2425d4a9350dbe39f1a9c29a6aeea4cd2fdf75b0b6306009af8e2,edcf9185a8a2425d4a9350dbe39f1a9c29a6aeea4cd2fdf75b0b6306009af8e2,196013
VisDrone,0000312_00201_d_0000415.jpg,e9461176a3525bd1f3fbd0962098d7b80395a5cde1aaa35d8ccf22e7893d6ed7,e9461176a3525bd1f3fbd0962098d7b80395a5cde1aaa35d8ccf22e7893d6ed7,156456
VisDrone,0000312_02401_d_0000426.jpg,c18aece43a2ecac0e5152a6c9aa9d74920402fe487a55f77f60ac5b08efebe77,c18aece43a2ecac0e5152a6c9aa9d74920402fe487a55f77f60ac5b08efebe77,155398
VisDrone,0000316_00801_d_0000523.jpg,1137461b467450dc19aa0569fc4ad390739822eaa0edb037f76e3005c38bedbc,1137461b467450dc19aa0569fc4ad390739822eaa0edb037f76e3005c38bedbc,200882
VisDrone,0000316_01201_d_0000525.jpg,6164f05065e4b3243021ce9f82331a1129076e7bc3de9c58011050dc89268cb6,6164f05065e4b3243021ce9f82331a1129076e7bc3de9c58011050dc89268cb6,166802
VisDrone,0000316_01601_d_0000527.jpg,9b6a45ac9135b1a0aac7e56691bbd4a1f066f0a2b0ce2fdb6aa5ccf9f16764d1,9b6a45ac9135b1a0aac7e56691bbd4a1f066f0a2b0ce2fdb6aa5ccf9f16764d1,134817
VisDrone,0000327_00601_d_0000714.jpg,39c00b56aca6a0daa913e2db4244836754455de0521a536d5146103524be226c,39c00b56aca6a0daa913e2db4244836754455de0521a536d5146103524be226c,99162
VisDrone,0000327_03401_d_0000728.jpg,aa20636d2e9e39eb91d556ccb6c37d3810bccc7686bca5ec189859101150cc03,aa20636d2e9e39eb91d556ccb6c37d3810bccc7686bca5ec189859101150cc03,135166
VisDrone,0000327_03801_d_0000730.jpg,ac41406165ac4da8c7e8859bc0056d9f8c5536251c8ef2589f29a0762c7810e5,ac41406165ac4da8c7e8859bc0056d9f8c5536251c8ef2589f29a0762c7810e5,144886
VisDrone,0000330_00201_d_0000801.jpg,a171c57aa5bf2688c72d99c5b29191c6d7ce67bce34a8e1f7e985db2f0d6c5c6,a171c57aa5bf2688c72d99c5b29191c6d7ce67bce34a8e1f7e985db2f0d6c5c6,161049
VisDrone,0000330_02001_d_0000810.jpg,a8878a543f1d6b820713f9a8f774c7181bdee73fad82ce61aa39e723a5588a73,a8878a543f1d6b820713f9a8f774c7181bdee73fad82ce61aa39e723a5588a73,122565
VisDrone,0000330_04001_d_0000820.jpg,0eb4a63e646375d5549d8b113ab5f576b611d14a2c2f8803244e1086aa4c30f4,0eb4a63e646375d5549d8b113ab5f576b611d14a2c2f8803244e1086aa4c30f4,83098
VisDrone,0000330_04601_d_0000823.jpg,8727b3e285979366128a6f3f4615feedf1e6eb66f5fc13ae9e3e360d2273f99b,8727b3e285979366128a6f3f4615feedf1e6eb66f5fc13ae9e3e360d2273f99b,110920
VisDrone,0000333_02549_d_0000014.jpg,6b3b809e61fe2a3d1af1821e4b66bdb1379830bd96a3d1726468a528afeaa422,6b3b809e61fe2a3d1af1821e4b66bdb1379830bd96a3d1726468a528afeaa422,148306
VisDrone,0000333_02941_d_0000016.jpg,61c6fdaf78c9dd896304ac630a945f83c3b8f326a6e81a2add993dad5719d3f1,61c6fdaf78c9dd896304ac630a945f83c3b8f326a6e81a2add993dad5719d3f1,141446
VisDrone,0000333_03137_d_0000017.jpg,2fdb66f5e55529f2e62c289688c99287cb98d5889db9f9a9ac15721a64a39c87,2fdb66f5e55529f2e62c289688c99287cb98d5889db9f9a9ac15721a64a39c87,143697
VisDrone,0000333_03333_d_0000018.jpg,d4b53cc54eeddb3cf20b3a4cea84c8bdb950505900849eb8a17abe3634b2bb24,d4b53cc54eeddb3cf20b3a4cea84c8bdb950505900849eb8a17abe3634b2bb24,146655
VisDrone,0000335_00001_d_0000043.jpg,e0be1e593de701e6dec5cba44d233e04441f2725968ae77f5f9c72b13f49744e,e0be1e593de701e6dec5cba44d233e04441f2725968ae77f5f9c72b13f49744e,168824
VisDrone,0000335_01765_d_0000052.jpg,cd0e44890f5ad06c403957f0abe48f2365fcfac74c1f20fc696d0e4ef26669fa,cd0e44890f5ad06c403957f0abe48f2365fcfac74c1f20fc696d0e4ef26669fa,143103
VisDrone,0000335_03333_d_0000060.jpg,b29b8c610fc7934022189e38daae091fde5f0a50a8d752ba05e29fbe0b3fd543,b29b8c610fc7934022189e38daae091fde5f0a50a8d752ba05e29fbe0b3fd543,123054
VisDrone,0000335_06469_d_0000076.jpg,160a57d020af274a0b5f71b4373721847030161cbdf5a53e011b056e2d8b49d2,160a57d020af274a0b5f71b4373721847030161cbdf5a53e011b056e2d8b49d2,142913
VisDrone,0000346_03921_d_0000366.jpg,78347897f458d0a7034079c7f004e6ff61aea11da1844d7ed4d25c022f82eea0,78347897f458d0a7034079c7f004e6ff61aea11da1844d7ed4d25c022f82eea0,126766
VisDrone,0000348_00589_d_0000409.jpg,409747ba0ec2677319761819192b666707cfc08b56fe3cc8806420285859a6f7,409747ba0ec2677319761819192b666707cfc08b56fe3cc8806420285859a6f7,153798
VisDrone,0000356_01569_d_0000637.jpg,37f4c0358b80239c6eab8c0a324eccec310425867c987c3fe3745ffe598eaafe,37f4c0358b80239c6eab8c0a324eccec310425867c987c3fe3745ffe598eaafe,126037
VisDrone,0000356_02353_d_0000641.jpg,11effab98873c518a1dbf01d4879bb75d75216aae9b01ef197eacefdd754b046,11effab98873c518a1dbf01d4879bb75d75216aae9b01ef197eacefdd754b046,112426
VisDrone,0000356_02941_d_0000644.jpg,240fceb24ca3c89d6025e48f67906389ef2cd416dfa944cfdce34e4b0bda19d3,240fceb24ca3c89d6025e48f67906389ef2cd416dfa944cfdce34e4b0bda19d3,117239
VisDrone,0000356_05097_d_0000655.jpg,aedcd60fe0972e9dea4e34ad9f84508f695ad325d956062fc39065d2d8400564,aedcd60fe0972e9dea4e34ad9f84508f695ad325d956062fc39065d2d8400564,124300
VisDrone,0000359_00785_d_0000703.jpg,a50640581bd9aa6adc6f827717ed04b157251684a3e8c00fd5cfb83f08be98f3,a50640581bd9aa6adc6f827717ed04b157251684a3e8c00fd5cfb83f08be98f3,110181
VisDrone,0000359_00981_d_0000704.jpg,d316b816d76e0a4d05ba3e2a143a33a985a68aa0e7a28627b36012a11ddb1289,d316b816d76e0a4d05ba3e2a143a33a985a68aa0e7a28627b36012a11ddb1289,90125
VisDrone,0000359_01373_d_0000706.jpg,88e97df75f5070b4bdfe1c301e11b4ce770b0a8a97b900811ab03b0de37b1330,88e97df75f5070b4bdfe1c301e11b4ce770b0a8a97b900811ab03b0de37b1330,71765
VisDrone,0000359_02549_d_0000709.jpg,f58edab762c5150db185d33cbb83877193e1e3159c04e754c56b10f4874adda2,f58edab762c5150db185d33cbb83877193e1e3159c04e754c56b10f4874adda2,103581
VisDrone,0000359_03333_d_0000711.jpg,7f14598b9dd3c2c5e39cd101517478f9596785fe0de017518a03ea41b118e19f,7f14598b9dd3c2c5e39cd101517478f9596785fe0de017518a03ea41b118e19f,108980
VisDrone,0000360_03529_d_0000731.jpg,5767f033ef5f3dfc94f92a29a00e678a0289ebeba22fc4ad834ce45679a9e928,5767f033ef5f3dfc94f92a29a00e678a0289ebeba22fc4ad834ce45679a9e928,125161
VisDrone,0000360_03921_d_0000733.jpg,2321ae9a01ef39ca848117e66e2d4e6ac5d9007a7c8c1860c4adf5eba49cf688,2321ae9a01ef39ca848117e66e2d4e6ac5d9007a7c8c1860c4adf5eba49cf688,146108
VisDrone,0000360_05293_d_0000740.jpg,eebd0f29102506cd5e336ca8d6edaee007a42820f2605b9fa58045379758cff7,eebd0f29102506cd5e336ca8d6edaee007a42820f2605b9fa58045379758cff7,138289
VisDrone,0000360_07645_d_0000752.jpg,f1539e824b89bda8fcd49d4e2322087e486fd68a0a8b2e3e98684b39b8b1ac44,f1539e824b89bda8fcd49d4e2322087e486fd68a0a8b2e3e98684b39b8b1ac44,113151
COCO128,000000000009.jpg,3b0bb6bebad60a3329f1e3484434872e86998aeb7750d779b308e4a064868c2c,3b0bb6bebad60a3329f1e3484434872e86998aeb7750d779b308e4a064868c2c,62835
COCO128,000000000025.jpg,9f016b98f31e4fe826910e56ee39fa0c2889f48d38cc5f4f6b6421c8c5fc7214,9f016b98f31e4fe826910e56ee39fa0c2889f48d38cc5f4f6b6421c8c5fc7214,89652
COCO128,000000000030.jpg,4ec415419155289eefffa7a620ed77bdeee94f477225e87ceaa00cb5f2515fe7,4ec415419155289eefffa7a620ed77bdeee94f477225e87ceaa00cb5f2515fe7,30089
COCO128,000000000034.jpg,0e67e637241ac2fbf132aa2b6cc9775b474b520e1c9a99dbef377063a5a48b85,0e67e637241ac2fbf132aa2b6cc9775b474b520e1c9a99dbef377063a5a48b85,105097
COCO128,000000000036.jpg,2bb515b26d250fcdf16effa3a7280babe32ae9b6f7608563e53cd01f5cd66ad4,2bb515b26d250fcdf16effa3a7280babe32ae9b6f7608563e53cd01f5cd66ad4,66757
COCO128,000000000042.jpg,9008ddd846fc6002ec47ea6067cb92cf70f294773cc15765b6a14ffb392f52fa,9008ddd846fc6002ec47ea6067cb92cf70f294773cc15765b6a14ffb392f52fa,56556
COCO128,000000000049.jpg,bc1482d2cba6e4db671c8eedbc7c8d86e0a31c927587a24297647f530349fe7b,bc1482d2cba6e4db671c8eedbc7c8d86e0a31c927587a24297647f530349fe7b,40899
COCO128,000000000061.jpg,a1a9ac88e4c5cfbdd1cd425a6d262b1e78bf32676a9c17a2861ca6a23a731955,a1a9ac88e4c5cfbdd1cd425a6d262b1e78bf32676a9c17a2861ca6a23a731955,135566
COCO128,000000000064.jpg,406f84619f5197d416f60566d41ad4d58f1d10b0a182652bbda266eedbc3f1ab,406f84619f5197d416f60566d41ad4d58f1d10b0a182652bbda266eedbc3f1ab,59706
COCO128,000000000071.jpg,5393bf6575c435daa599c1272d9e61e99c099994ae4d3755311684663fed0917,5393bf6575c435daa599c1272d9e61e99c099994ae4d3755311684663fed0917,57039
COCO128,000000000072.jpg,93d0d304967360bed3bfe2aafc701817e83f494c687e625fb8b765d2be54c9b2,93d0d304967360bed3bfe2aafc701817e83f494c687e625fb8b765d2be54c9b2,83098
COCO128,000000000073.jpg,4a17dd87b487b4b6432d3aa60f6026a5349c8708834a3cae141ff16e0539a32c,4a17dd87b487b4b6432d3aa60f6026a5349c8708834a3cae141ff16e0539a32c,124117
COCO128,000000000074.jpg,99d864809a7355862032b54283bd4808971da5a2b976b20467203e6c192e755d,99d864809a7355862032b54283bd4808971da5a2b976b20467203e6c192e755d,47165
COCO128,000000000077.jpg,e07c725d9941691ac87386f0f4edd44f62a232696288bf95fb5ddef9384347b1,e07c725d9941691ac87386f0f4edd44f62a232696288bf95fb5ddef9384347b1,50183
COCO128,000000000078.jpg,3139fdefaa9b4320c8a4eec2032c77306a0fd167dd88633bd73f66f952baf5a7,3139fdefaa9b4320c8a4eec2032c77306a0fd167dd88633bd73f66f952baf5a7,73636
COCO128,000000000081.jpg,9f9dd4dcc774b81fcbb64531eb717859562ff162cf058e12f80c7b4630cbaa6b,9f9dd4dcc774b81fcbb64531eb717859562ff162cf058e12f80c7b4630cbaa6b,23700
COCO128,000000000086.jpg,f58a99916783cdf4a7619286dc46adedd4ea1143bcc2cd773c6504aa5280915a,f58a99916783cdf4a7619286dc46adedd4ea1143bcc2cd773c6504aa5280915a,87717
COCO128,000000000089.jpg,cc548c7e669fefde96bdb7b1454c90cf518d414b85eb36827cc78f488d622e5a,cc548c7e669fefde96bdb7b1454c90cf518d414b85eb36827cc78f488d622e5a,41759
COCO128,000000000092.jpg,886950d096ad454f0bbb9a63167c795bd49eb9d4c0cb24a72888b3429d11900a,886950d096ad454f0bbb9a63167c795bd49eb9d4c0cb24a72888b3429d11900a,29143
COCO128,000000000094.jpg,143779e4a70bb6b6e10232aa02c2ce99a9a1246d763da344b424aba4ca71cd9f,143779e4a70bb6b6e10232aa02c2ce99a9a1246d763da344b424aba4ca71cd9f,66547
COCO128,000000000109.jpg,69edeeca53763fb2a4ee51739e4f9a4f053584b4f3ca4ff9911c49fa52ed2762,69edeeca53763fb2a4ee51739e4f9a4f053584b4f3ca4ff9911c49fa52ed2762,62103
COCO128,000000000110.jpg,39d967c7856965853e90b9283db4a6895a034eb17fe0c84581d17af4a59edcf2,39d967c7856965853e90b9283db4a6895a034eb17fe0c84581d17af4a59edcf2,56509
COCO128,000000000113.jpg,51d5f657eacbc0f37f0d847f903abc90bb33479fa0459fdc64ebbeb5cac34d99,51d5f657eacbc0f37f0d847f903abc90bb33479fa0459fdc64ebbeb5cac34d99,55067
COCO128,000000000127.jpg,0ce2f02f39d5d49260d91762bc9a659f8f9d516d8e416c8120306330bfd58023,0ce2f02f39d5d49260d91762bc9a659f8f9d516d8e416c8120306330bfd58023,64488
COCO128,000000000133.jpg,d8d2ea5e94c83ba74bef9dc52d58e0526e08d03355381683fb953db71ec529e6,d8d2ea5e94c83ba74bef9dc52d58e0526e08d03355381683fb953db71ec529e6,40373
COCO128,000000000136.jpg,e20c569a1e6174fd845a434a3fe3d50fb4f8a0e275fb348cc2c9b42a11600ccc,e20c569a1e6174fd845a434a3fe3d50fb4f8a0e275fb348cc2c9b42a11600ccc,31511
COCO128,000000000138.jpg,0255bce78addf8d82e9f5d434ad2a98fccd5542cbb041980ce7ad00054a3227e,0255bce78addf8d82e9f5d434ad2a98fccd5542cbb041980ce7ad00054a3227e,73743
COCO128,000000000142.jpg,3c852dc71abcf6cf06ed58202d1b2c850bb783553f05c63cd6ca511936b431aa,3c852dc71abcf6cf06ed58202d1b2c850bb783553f05c63cd6ca511936b431aa,43512
COCO128,000000000143.jpg,03d4d20019d5abdf6f9314a166f8f8cf582f1d0d2167beef7ec2400d0f1b629e,03d4d20019d5abdf6f9314a166f8f8cf582f1d0d2167beef7ec2400d0f1b629e,30392
COCO128,000000000144.jpg,6740b5472043073062f46b253399a6bc2fe68ca77d429f652ad956c03d51b0fa,6740b5472043073062f46b253399a6bc2fe68ca77d429f652ad956c03d51b0fa,117593
COCO128,000000000149.jpg,73a20e38429ba6c78f62a90df787360c4a9ae3d331b002b509a8ee15179788a4,73a20e38429ba6c78f62a90df787360c4a9ae3d331b002b509a8ee15179788a4,29226
COCO128,000000000151.jpg,b92d7d249e574fbd4ad8ba2fbc2c1879ca281b779f1276ac3daa0304b80039e4,b92d7d249e574fbd4ad8ba2fbc2c1879ca281b779f1276ac3daa0304b80039e4,107259
COCO128,000000000154.jpg,2938c94a9b07cacf10a8343c35949b065ae868190a11020f458f50450bd13552,2938c94a9b07cacf10a8343c35949b065ae868190a11020f458f50450bd13552,63228
COCO128,000000000164.jpg,186a1427f32ce7e5cf17052f66d5ee7cd57d7f83762001891e16195a6bda586d,186a1427f32ce7e5cf17052f66d5ee7cd57d7f83762001891e16195a6bda586d,40901
COCO128,000000000165.jpg,2d3d9e0b4b165c0f783b97cd963097b13effa1af851c9576617fb7c910d63cd8,2d3d9e0b4b165c0f783b97cd963097b13effa1af851c9576617fb7c910d63cd8,64301
COCO128,000000000192.jpg,93a9d9132aefccbb1f1bfb51198b5b427d1cf4a977ef259c9d0507ee5b0df732,93a9d9132aefccbb1f1bfb51198b5b427d1cf4a977ef259c9d0507ee5b0df732,62642
COCO128,000000000194.jpg,0713bcf193a25769b047e4dde7820e7fa857bab06f9140a4a64c78d94ed9b4a1,0713bcf193a25769b047e4dde7820e7fa857bab06f9140a4a64c78d94ed9b4a1,52676
COCO128,000000000196.jpg,1e1d801e63ed90d34ee666845ebcc17b56edef1f864d048ff588ce7073bc94a2,1e1d801e63ed90d34ee666845ebcc17b56edef1f864d048ff588ce7073bc94a2,70172
COCO128,000000000201.jpg,4efc7ce561df432c2d3d9a60040f62b1b8389b36b401269bfc6802065dfcb9d8,4efc7ce561df432c2d3d9a60040f62b1b8389b36b401269bfc6802065dfcb9d8,52369
COCO128,000000000208.jpg,5ef004c8572c1d3a5e7c92ed16edc47529892a5306c7f70216e332a6cd65ad2d,5ef004c8572c1d3a5e7c92ed16edc47529892a5306c7f70216e332a6cd65ad2d,41630
COCO128,000000000241.jpg,14007b87745069ed85c6412dffc8ad11a22de98d5f5c9ae896523e12622961c5,14007b87745069ed85c6412dffc8ad11a22de98d5f5c9ae896523e12622961c5,48024
COCO128,000000000247.jpg,a57c40ee95f73bb493e573bbbd593d037fdf176a02f1d3f6a3f437c8f78f805a,a57c40ee95f73bb493e573bbbd593d037fdf176a02f1d3f6a3f437c8f78f805a,48428
COCO128,000000000250.jpg,a4e4243da053d3a958a1f52fd8fe9cc264d39e07077266a7089b281597050a29,a4e4243da053d3a958a1f52fd8fe9cc264d39e07077266a7089b281597050a29,49998
COCO128,000000000257.jpg,ae711135026cbd548fa1e04edc0ee96bce57162587e0238e7f76b4dc46cf4208,ae711135026cbd548fa1e04edc0ee96bce57162587e0238e7f76b4dc46cf4208,60297
COCO128,000000000260.jpg,f70992bbd14794773e27801c4cf4ba34ca4f453eb2efded62c2a558c40e3885b,f70992bbd14794773e27801c4cf4ba34ca4f453eb2efded62c2a558c40e3885b,26982
COCO128,000000000263.jpg,4abc27b830dedd072dab619c6b7f2467886f601e41b0cc8c2de888f57cf90d7b,4abc27b830dedd072dab619c6b7f2467886f601e41b0cc8c2de888f57cf90d7b,55292
COCO128,000000000283.jpg,a668b293598b0097c9b38c136e54b8b43241df22d1c183f6f204a87eaf1f0724,a668b293598b0097c9b38c136e54b8b43241df22d1c183f6f204a87eaf1f0724,35093
COCO128,000000000294.jpg,66bff049c25ed6498e69a51ac65b88d5fc800233fed0f89ee07ab178f7db766d,66bff049c25ed6498e69a51ac65b88d5fc800233fed0f89ee07ab178f7db766d,33028
COCO128,000000000307.jpg,c839076b4fa14020f97c8a5909c84a1e85c912ca262a91c8c4648ebe27caf61f,c839076b4fa14020f97c8a5909c84a1e85c912ca262a91c8c4648ebe27caf61f,96160
COCO128,000000000308.jpg,07c410e96a812351bf385add8645b8dc2ed064902ff2ef01072be6351b428393,07c410e96a812351bf385add8645b8dc2ed064902ff2ef01072be6351b428393,60331
COCO128,000000000309.jpg,40087a8191fc80eba012c1ba4735402b4890aa0669a84ea0d3dac043ca543247,40087a8191fc80eba012c1ba4735402b4890aa0669a84ea0d3dac043ca543247,114443
COCO128,000000000312.jpg,cd2fac2dfdc17fb1af0d12228e344d2e828fbe28a7c1e32396a95cb0b129d096,cd2fac2dfdc17fb1af0d12228e344d2e828fbe28a7c1e32396a95cb0b129d096,91689
COCO128,000000000315.jpg,5804350236bc0d52715f9354498d52f8d260b0e3d8f965526cd85ca6a18b7caa,5804350236bc0d52715f9354498d52f8d260b0e3d8f965526cd85ca6a18b7caa,54518
COCO128,000000000321.jpg,60f0acad099ad5cf55f44968cea66e125e0beb7eb20a1d78888ee9db34e28cd8,60f0acad099ad5cf55f44968cea66e125e0beb7eb20a1d78888ee9db34e28cd8,45914
COCO128,000000000322.jpg,4dddb450ab0a84a458c3da0cfa868a42b9b146de1cda3dd13c34b3599c7b80d3,4dddb450ab0a84a458c3da0cfa868a42b9b146de1cda3dd13c34b3599c7b80d3,35865
COCO128,000000000326.jpg,d8c9b6803795082707fcd62f2d1d38826709836504e330db3e7b4713c3316d59,d8c9b6803795082707fcd62f2d1d38826709836504e330db3e7b4713c3316d59,22412
COCO128,000000000328.jpg,8ba0ed80d34589221b1243e0764471d91716b3a267827cb37ecfc3cfae52cc90,8ba0ed80d34589221b1243e0764471d91716b3a267827cb37ecfc3cfae52cc90,66986
COCO128,000000000332.jpg,8d4946138c446940ed080738744214cd75948a98fd3a1933d0031bd14144f541,8d4946138c446940ed080738744214cd75948a98fd3a1933d0031bd14144f541,48907
COCO128,000000000338.jpg,fdf5b5b2f8227082a5542fbc33b5f8740b040d345653c33bec6158d835542d6b,fdf5b5b2f8227082a5542fbc33b5f8740b040d345653c33bec6158d835542d6b,36236
COCO128,000000000349.jpg,8ad9716416dc27aeff76bb09d936949f67627cb30948288b61c117df34501049,8ad9716416dc27aeff76bb09d936949f67627cb30948288b61c117df34501049,33736
COCO128,000000000357.jpg,939b5473ea4787a01c2293a3e62979442eea5c9b3dcaab8803c07a5b6d47e087,939b5473ea4787a01c2293a3e62979442eea5c9b3dcaab8803c07a5b6d47e087,26957
COCO128,000000000359.jpg,8da8a8320518a8adadbbd79615e066fd60b31c6025919665264ff9d0f746a5dd,8da8a8320518a8adadbbd79615e066fd60b31c6025919665264ff9d0f746a5dd,18860
COCO128,000000000360.jpg,1a5d039418eacc09510efabcd466dc05701f0dac9ae0040b05a1b30b796ef96e,1a5d039418eacc09510efabcd466dc05701f0dac9ae0040b05a1b30b796ef96e,35980
COCO128,000000000368.jpg,a10be0a1beb5a34b50af22cc657dbf186a944db7ce8924e570295f35bd954036,a10be0a1beb5a34b50af22cc657dbf186a944db7ce8924e570295f35bd954036,116152
COCO128,000000000370.jpg,0d3719ec6f6f54229f498f7b01b113a864cd1eeccac196086741d98e23ae2455,0d3719ec6f6f54229f498f7b01b113a864cd1eeccac196086741d98e23ae2455,36164
COCO128,000000000382.jpg,9455b8af106ef7a2a3b6c4c7ceeda5f4e81b5e364a2aef8e6cf68abc1396f8bd,9455b8af106ef7a2a3b6c4c7ceeda5f4e81b5e364a2aef8e6cf68abc1396f8bd,33310
COCO128,000000000384.jpg,dfbae064fadcaa79bd319410903bc92052349472115e2d515e0ecf3c944d1048,dfbae064fadcaa79bd319410903bc92052349472115e2d515e0ecf3c944d1048,27793
COCO128,000000000387.jpg,079af237aafcdddfe5a528ef5e40f38ca449fce9ad5a49fbdaaeef068fac7c76,079af237aafcdddfe5a528ef5e40f38ca449fce9ad5a49fbdaaeef068fac7c76,53134
COCO128,000000000389.jpg,f6d313afba47fe0747d1d78cd342f420eb305de8faadb5cb164de428522b40d6,f6d313afba47fe0747d1d78cd342f420eb305de8faadb5cb164de428522b40d6,51895
COCO128,000000000394.jpg,2cf78c1cfa98714d2ed8a643f931c39511bbb6085fddf157b27ed709089e0343,2cf78c1cfa98714d2ed8a643f931c39511bbb6085fddf157b27ed709089e0343,68453
COCO128,000000000395.jpg,8d823d141724cc8656ccd48b49d6e44556ca399fbbd8458cc488f0d9816809a4,8d823d141724cc8656ccd48b49d6e44556ca399fbbd8458cc488f0d9816809a4,55487
COCO128,000000000397.jpg,5011e5e9eac564d30fa652281a7fd1d7693545077971741a241f400611e4c33e,5011e5e9eac564d30fa652281a7fd1d7693545077971741a241f400611e4c33e,56346
COCO128,000000000400.jpg,7b78338d4c7a30f7c38eb3bf11a7623a195e10926359adfd7281d6ce99e42dcb,7b78338d4c7a30f7c38eb3bf11a7623a195e10926359adfd7281d6ce99e42dcb,63846
COCO128,000000000404.jpg,c46b3242d195c8c81b6776f4bfa385ef886ff1e7cb814e2c29e03303b85403b2,c46b3242d195c8c81b6776f4bfa385ef886ff1e7cb814e2c29e03303b85403b2,41249
COCO128,000000000415.jpg,cc75d90eac7419395e81ddd7e33c81dbec387892e086b40cbf12dc3fe09f8bb1,cc75d90eac7419395e81ddd7e33c81dbec387892e086b40cbf12dc3fe09f8bb1,28284
COCO128,000000000419.jpg,4b4e5c24a3aafa6d591ab385cc3756f90a804212a8e060ba374d1658b69b308e,4b4e5c24a3aafa6d591ab385cc3756f90a804212a8e060ba374d1658b69b308e,67866
COCO128,000000000428.jpg,49e87dbacfb3911d83fde336b7c01b79cc7bc77a021a601f2eb8d861f170a466,49e87dbacfb3911d83fde336b7c01b79cc7bc77a021a601f2eb8d861f170a466,22969
COCO128,000000000431.jpg,1ecf0c6810ad0972f867b0f53f94c03d3398fc6958af4cac60dde350533f7b8c,1ecf0c6810ad0972f867b0f53f94c03d3398fc6958af4cac60dde350533f7b8c,43550
COCO128,000000000436.jpg,84b778ac377b3fb394edee6f6c3e688c600a3ac440247b64942b1e6e116ff9a3,84b778ac377b3fb394edee6f6c3e688c600a3ac440247b64942b1e6e116ff9a3,32998
COCO128,000000000438.jpg,ee66d39f65c8ce3421fda1ca85b1942f6dff29813c97b6fb4ea4ed015c3a822a,ee66d39f65c8ce3421fda1ca85b1942f6dff29813c97b6fb4ea4ed015c3a822a,58374
COCO128,000000000443.jpg,f6483d57885c348a27dcdc272e4bd5296c75596d7c64fe638b24dbb503209902,f6483d57885c348a27dcdc272e4bd5296c75596d7c64fe638b24dbb503209902,37330
COCO128,000000000446.jpg,41f3d2ce74148a9628d29ac8ddb5eeed3a07394a55b72e75df5d418d5887ef50,41f3d2ce74148a9628d29ac8ddb5eeed3a07394a55b72e75df5d418d5887ef50,36624
COCO128,000000000450.jpg,3b1fe58cb414f373c61990a5fed4f1a6418a02b2e8a3ed3ecef613f4e7198068,3b1fe58cb414f373c61990a5fed4f1a6418a02b2e8a3ed3ecef613f4e7198068,49942
COCO128,000000000459.jpg,9dac859e6bc3eaf091e94593a005735f9c3c3e71c1c40a708b4c24da99b2e06c,9dac859e6bc3eaf091e94593a005735f9c3c3e71c1c40a708b4c24da99b2e06c,36307
COCO128,000000000471.jpg,8f473ca6e651f74a74efea3673445230f6bb7d6ae92f76bf3c1e523853ec3995,8f473ca6e651f74a74efea3673445230f6bb7d6ae92f76bf3c1e523853ec3995,33837
COCO128,000000000472.jpg,e86077ae0fa75248880ca12cdc9ef09bb68fa68083313ce280fd77082c780769,e86077ae0fa75248880ca12cdc9ef09bb68fa68083313ce280fd77082c780769,9286
COCO128,000000000474.jpg,e5a6b72ea2fda1cd1ea969018036e6da16fa491f9a2ac974a7361b539b00a155,e5a6b72ea2fda1cd1ea969018036e6da16fa491f9a2ac974a7361b539b00a155,37728
COCO128,000000000486.jpg,cb30e9ff9b1182fc9aa328f601f0ca640236eea29ec695b57edc11a572dfbfed,cb30e9ff9b1182fc9aa328f601f0ca640236eea29ec695b57edc11a572dfbfed,57241
COCO128,000000000488.jpg,9e1c9d4c88d38e6a2cd2f775bea82c137c14dc3b13f8430bcdadcb89ab0b7022,9e1c9d4c88d38e6a2cd2f775bea82c137c14dc3b13f8430bcdadcb89ab0b7022,48780
COCO128,000000000490.jpg,1274c3c4010d45ddd84faf1c56f7c997c0c2533e4f25c6ccea25e8233e5684e5,1274c3c4010d45ddd84faf1c56f7c997c0c2533e4f25c6ccea25e8233e5684e5,26278
COCO128,000000000491.jpg,9d5732e879b066bfe8a38e3fcad64836fa1a5ac9f507625082c4b14fe449f993,9d5732e879b066bfe8a38e3fcad64836fa1a5ac9f507625082c4b14fe449f993,27309
COCO128,000000000502.jpg,f7ce0feeb7699cd56886c64ac4ea923c76be97b34ee3a2ea0909c45e08411ec0,f7ce0feeb7699cd56886c64ac4ea923c76be97b34ee3a2ea0909c45e08411ec0,82455
COCO128,000000000508.jpg,0fc73f660a10ed91c52f76a2b34b5fa252bf70ff84f7b2a35374726388528ca2,0fc73f660a10ed91c52f76a2b34b5fa252bf70ff84f7b2a35374726388528ca2,36527
COCO128,000000000510.jpg,c2fcc1d44e81016f4c53e7e610c44dc28a2ca1bc5e73f73623129d261bff15e2,c2fcc1d44e81016f4c53e7e610c44dc28a2ca1bc5e73f73623129d261bff15e2,76888
COCO128,000000000514.jpg,073520d67d44551b4e0bc24d4eb3a6bb68bf00481a8b15d9f34479e787d2cba9,073520d67d44551b4e0bc24d4eb3a6bb68bf00481a8b15d9f34479e787d2cba9,30781
COCO128,000000000520.jpg,2b971302ba56e1049294f9e0b198f37316148c8257b8d7344002aed624c45844,2b971302ba56e1049294f9e0b198f37316148c8257b8d7344002aed624c45844,50302
COCO128,000000000529.jpg,5d9958bdec3062b05090258293a19af01d231de69b943d1ff0bb4a7b943e6db3,5d9958bdec3062b05090258293a19af01d231de69b943d1ff0bb4a7b943e6db3,61674
COCO128,000000000531.jpg,111bb407e512f23fcc14bbc51ad4b312b0797332aab86ecd9373808286ed30b1,111bb407e512f23fcc14bbc51ad4b312b0797332aab86ecd9373808286ed30b1,33369
COCO128,000000000532.jpg,60745e50cb857e4683d3622ac6c1e7ade63bd73ee458eb76a70455badaee2869,60745e50cb857e4683d3622ac6c1e7ade63bd73ee458eb76a70455badaee2869,68045
COCO128,000000000536.jpg,745e538b3979ffa93f63bb294163e173d9a99413bce6cf3289215b541c9f1eb1,745e538b3979ffa93f63bb294163e173d9a99413bce6cf3289215b541c9f1eb1,19624
COCO128,000000000540.jpg,32099f009fcb436bad1bd59b5d48b3e5620fa667a83db5a09879e158dd346103,32099f009fcb436bad1bd59b5d48b3e5620fa667a83db5a09879e158dd346103,73559
COCO128,000000000542.jpg,ef93fd2248a41119a34a86d11478b87bd0c715ff3c2c65f3f5f54a3f31a3dedf,ef93fd2248a41119a34a86d11478b87bd0c715ff3c2c65f3f5f54a3f31a3dedf,50365
COCO128,000000000544.jpg,f599082d9c87db6029fc3d6e468074d1294dc98a8755152ca7324811aa1d10cd,f599082d9c87db6029fc3d6e468074d1294dc98a8755152ca7324811aa1d10cd,92299
COCO128,000000000560.jpg,96801af258ded041845af111c4535dcb12a512cf22f6fd9854e5723920532d60,96801af258ded041845af111c4535dcb12a512cf22f6fd9854e5723920532d60,42878
COCO128,000000000562.jpg,e31320272d768add7113d41a9c65407fd4868da1229f8658fc877e9b07c4c794,e31320272d768add7113d41a9c65407fd4868da1229f8658fc877e9b07c4c794,14565
COCO128,000000000564.jpg,1f67bf49851ff43dba866f0cd6cc1b6f1d35ee75255a6092483550548584f477,1f67bf49851ff43dba866f0cd6cc1b6f1d35ee75255a6092483550548584f477,46726
COCO128,000000000569.jpg,07655c58e2286ec5e8b74eee71a03841ccf732cbc502d6c380d894a14041ad5f,07655c58e2286ec5e8b74eee71a03841ccf732cbc502d6c380d894a14041ad5f,55042
COCO128,000000000572.jpg,b779e782a66c196373580de6ede5c4faacabf05fb521eab8df4d11b71d8d2770,b779e782a66c196373580de6ede5c4faacabf05fb521eab8df4d11b71d8d2770,34991
COCO128,000000000575.jpg,839789fe6192bbd5776761d675aa76017b67810b556f3e25e2f3a31acffd86f3,839789fe6192bbd5776761d675aa76017b67810b556f3e25e2f3a31acffd86f3,163333
COCO128,000000000581.jpg,60ad7a794ae3032c302c4e1d5111099921ce7e8df23df4401f60bdc74dc83bf1,60ad7a794ae3032c302c4e1d5111099921ce7e8df23df4401f60bdc74dc83bf1,45065
COCO128,000000000584.jpg,f1ae69b71470e4d4e88e342b69fa47187fe5c7a56882eac0e548107075f4716f,f1ae69b71470e4d4e88e342b69fa47187fe5c7a56882eac0e548107075f4716f,48307
COCO128,000000000589.jpg,b028805b2fb2c666ef72d4a7a01677bcf0ed56fb4d14cadc8646acdf379999c7,b028805b2fb2c666ef72d4a7a01677bcf0ed56fb4d14cadc8646acdf379999c7,36369
COCO128,000000000590.jpg,dd687875b5ff4fd0a91dcc910690da36858271562ea908ff61661b4cec9b4cee,dd687875b5ff4fd0a91dcc910690da36858271562ea908ff61661b4cec9b4cee,41324
COCO128,000000000595.jpg,8152ff314326c47105e065ec16ef28e1baa9dd640f40475fe385b612d5e65cf1,8152ff314326c47105e065ec16ef28e1baa9dd640f40475fe385b612d5e65cf1,91739
COCO128,000000000597.jpg,f611f233ff6657baa61f32f573a213ef1b1af031e892f8b4e287c21a856497e7,f611f233ff6657baa61f32f573a213ef1b1af031e892f8b4e287c21a856497e7,31374
COCO128,000000000599.jpg,9d924b4353cca7295c149e3659866a18e78234f0dc701df119191152f4a31fec,9d924b4353cca7295c149e3659866a18e78234f0dc701df119191152f4a31fec,57584
COCO128,000000000605.jpg,9135dd0723240d2d4f64ce2173901a0f23a222dea98b72e1259c28f28fa2aab6,9135dd0723240d2d4f64ce2173901a0f23a222dea98b72e1259c28f28fa2aab6,85596
COCO128,000000000612.jpg,9ee977eaa2947ffa1508dfc8b6e3c179a9945ee3a55529f91ede04689f00e667,9ee977eaa2947ffa1508dfc8b6e3c179a9945ee3a55529f91ede04689f00e667,78481
COCO128,000000000620.jpg,4c7d0e5b1ac23a287f95640c4aaab93a0e120c384558e3fff70b96f6f1eb80ce,4c7d0e5b1ac23a287f95640c4aaab93a0e120c384558e3fff70b96f6f1eb80ce,51808
COCO128,000000000623.jpg,c11d16bc49acabc2a52b990174110753dbe3a9a71eb7aa37af8f5fc4c616fb20,c11d16bc49acabc2a52b990174110753dbe3a9a71eb7aa37af8f5fc4c616fb20,30476
COCO128,000000000625.jpg,0938276afa762c367dac4968bc9a3d4abf9d83db1f4bea67262bff976568e24c,0938276afa762c367dac4968bc9a3d4abf9d83db1f4bea67262bff976568e24c,75952
COCO128,000000000626.jpg,47b4a3b3fe24c6b1f77a9d89aa2e5d1a3b410b7ba611f54c252c2e13e975afc8,47b4a3b3fe24c6b1f77a9d89aa2e5d1a3b410b7ba611f54c252c2e13e975afc8,38403
COCO128,000000000629.jpg,be76e3e5bed8c8a9a0d8081844bfca7ce013093e746b66aad13922373644ad32,be76e3e5bed8c8a9a0d8081844bfca7ce013093e746b66aad13922373644ad32,77526
COCO128,000000000634.jpg,d769636e9b9d22fa6fd4dcc2e683b2c95a5a9c247b3cc95df7367b1dba52f9bc,d769636e9b9d22fa6fd4dcc2e683b2c95a5a9c247b3cc95df7367b1dba52f9bc,36504
COCO128,000000000636.jpg,8e948d6888e7bf449e91883d3a2b0d61804308aada31fbf289add4da4dd978e8,8e948d6888e7bf449e91883d3a2b0d61804308aada31fbf289add4da4dd978e8,46706
COCO128,000000000641.jpg,8eae4239a000d602acb4c58801a3c070e4bf3da608e57e7a3dcbd5ef719895cc,8eae4239a000d602acb4c58801a3c070e4bf3da608e57e7a3dcbd5ef719895cc,63438
COCO128,000000000643.jpg,53d61e69ccf08b42a1cefa414c69a1c03d72aba2852e1fde35c4da3df8753b3f,53d61e69ccf08b42a1cefa414c69a1c03d72aba2852e1fde35c4da3df8753b3f,31400
COCO128,000000000650.jpg,9bb45795336c1d05189fe51a77e04270cd1da8929d62060926798f3dd2d25204,9bb45795336c1d05189fe51a77e04270cd1da8929d62060926798f3dd2d25204,33865
brain-tumor,val_1 (10).jpg,e9a28550c7998ba8535ac6e38617a45a41ddfc8a6209e499cfb9ae0eb2c796d9,e9a28550c7998ba8535ac6e38617a45a41ddfc8a6209e499cfb9ae0eb2c796d9,5479
brain-tumor,val_1 (100).jpg,b7f75332d4fb6a8d73e094d6a0a92526e079b08026335d371cad4232d8e7c74f,b7f75332d4fb6a8d73e094d6a0a92526e079b08026335d371cad4232d8e7c74f,4320
brain-tumor,val_1 (107).jpg,16ff0d1d73752972e77143f3e00cd4ba1a0b217cbd2604743bbf12252eccd390,16ff0d1d73752972e77143f3e00cd4ba1a0b217cbd2604743bbf12252eccd390,5352
brain-tumor,val_1 (108).jpg,7638c5bed1aeb42a1c40ec08e95bdf6e00743b78d8695f4fbd10b0b6a5c1a261,7638c5bed1aeb42a1c40ec08e95bdf6e00743b78d8695f4fbd10b0b6a5c1a261,3421
brain-tumor,val_1 (11).jpg,7a0bf915b35a3fc84534b752f532cec261486658f78fecccc68c61d155abca01,7a0bf915b35a3fc84534b752f532cec261486658f78fecccc68c61d155abca01,4876
brain-tumor,val_1 (112).jpg,02883955e8c50a0f8afc94bb76c386adc06b62649ff1eeb6e6d14b667fbfb9b2,02883955e8c50a0f8afc94bb76c386adc06b62649ff1eeb6e6d14b667fbfb9b2,3716
brain-tumor,val_1 (114).jpg,094bf014168e67145a00e28a45febbeb0a8dfbf72b87631afcc2dca26475eeca,094bf014168e67145a00e28a45febbeb0a8dfbf72b87631afcc2dca26475eeca,5105
brain-tumor,val_1 (116).jpg,f576ceeb932a9e93cf8e40360f2b646184434534bdbd33a06744aba0064d995c,f576ceeb932a9e93cf8e40360f2b646184434534bdbd33a06744aba0064d995c,3914
brain-tumor,val_1 (117).jpg,08e42f5f83f453c13a5bb923754d804f73e494388d5bec230d2440460e659f73,08e42f5f83f453c13a5bb923754d804f73e494388d5bec230d2440460e659f73,4722
brain-tumor,val_1 (118).jpg,b6a633ba72388f10ca130ba43f153945e544a890b9599255809b2de6c4829ae9,b6a633ba72388f10ca130ba43f153945e544a890b9599255809b2de6c4829ae9,4796
brain-tumor,val_1 (119).jpg,439b237921650b339a1cf80cff6bf3620c33c40cf9d36be3933ab387f5131270,439b237921650b339a1cf80cff6bf3620c33c40cf9d36be3933ab387f5131270,3859
brain-tumor,val_1 (120).jpg,e7f9574de02d628f0edc4f51099eec061be25d84e7b6600c956e4d0e7210bf72,e7f9574de02d628f0edc4f51099eec061be25d84e7b6600c956e4d0e7210bf72,3998
brain-tumor,val_1 (122).jpg,600657470c2212c70d730d4010b15a78707855502215641429d8999893436440,600657470c2212c70d730d4010b15a78707855502215641429d8999893436440,5457
brain-tumor,val_1 (123).jpg,93b11690c2f5ccfa231f9bca224bf68d35305c823b5ab0ce99235aafd18957ef,93b11690c2f5ccfa231f9bca224bf68d35305c823b5ab0ce99235aafd18957ef,5683
brain-tumor,val_1 (124).jpg,3203fb2c372bc3f3354d9a872198d28c0c18a09bb66b1ebd49867009b9830756,3203fb2c372bc3f3354d9a872198d28c0c18a09bb66b1ebd49867009b9830756,6090
brain-tumor,val_1 (127).jpg,d4a330468280c492eeeb9e7c3e261a3a8a1e2a3e966626ce8dc379124bf098df,d4a330468280c492eeeb9e7c3e261a3a8a1e2a3e966626ce8dc379124bf098df,5804
brain-tumor,val_1 (13).jpg,ed0967393b9dc23c37ee4dc161066947caf3fc08bf694a75a240891556935ecd,ed0967393b9dc23c37ee4dc161066947caf3fc08bf694a75a240891556935ecd,3873
brain-tumor,val_1 (130).jpg,fb624eaba0d1f47c6ba875c5d95524e0021ad8f2d83ad1b5f75f450b4f29f2a8,fb624eaba0d1f47c6ba875c5d95524e0021ad8f2d83ad1b5f75f450b4f29f2a8,5329
brain-tumor,val_1 (134).jpg,dd45ce1925faeaee30b30369538a1d5d6eee46d5fe06ad1b819073d1cae478c0,dd45ce1925faeaee30b30369538a1d5d6eee46d5fe06ad1b819073d1cae478c0,5164
brain-tumor,val_1 (136).jpg,ebe42b8e7defb59fcd1aa4bb375084aaa615d1f78e64f04845c5decdd84f6480,ebe42b8e7defb59fcd1aa4bb375084aaa615d1f78e64f04845c5decdd84f6480,4931
brain-tumor,val_1 (137).jpg,c27b5af9b117249902dd303a3219ec0948677f1e95a8aad12b3c8b6e99658974,c27b5af9b117249902dd303a3219ec0948677f1e95a8aad12b3c8b6e99658974,5056
brain-tumor,val_1 (138).jpg,fb10754170fdb7b30bc7094b2ffc13a99f3d92ed9bdafe6c036fe8ccb7041c66,fb10754170fdb7b30bc7094b2ffc13a99f3d92ed9bdafe6c036fe8ccb7041c66,3743
brain-tumor,val_1 (14).jpg,15c116fc2b52057f5dbf20fad501292a55cfbc4357d17cdf29520dd25ab7d911,15c116fc2b52057f5dbf20fad501292a55cfbc4357d17cdf29520dd25ab7d911,4039
brain-tumor,val_1 (140).jpg,c67f4e10c47e8be8a511ab49494e167dbde77c959d7b0b043f6eb79c19878115,c67f4e10c47e8be8a511ab49494e167dbde77c959d7b0b043f6eb79c19878115,4080
brain-tumor,val_1 (141).jpg,7c7f8c2626cbe6c8646d54be80766971bdd7fed6110833dc28a56d65ea7ce34d,7c7f8c2626cbe6c8646d54be80766971bdd7fed6110833dc28a56d65ea7ce34d,4502
brain-tumor,val_1 (142).jpg,592737b822dd0c7deeef7690e7571717edd6b75fb98d03937ad391a1eb96f772,592737b822dd0c7deeef7690e7571717edd6b75fb98d03937ad391a1eb96f772,5341
brain-tumor,val_1 (146).jpg,f2bf126501961d5974cd989c38d28b32f64d3720955e911ee8745421a823e2e0,f2bf126501961d5974cd989c38d28b32f64d3720955e911ee8745421a823e2e0,3780
brain-tumor,val_1 (147).jpg,a023a838588b71937cd9104fc2ca90cdb135bb9b731fc88f6a34e1c7fdf049cc,a023a838588b71937cd9104fc2ca90cdb135bb9b731fc88f6a34e1c7fdf049cc,5047
brain-tumor,val_1 (148).jpg,23682bacc9592ee2dd09c3babc7b3e13d13fa8d112c31230d180b9d7380dd5b7,23682bacc9592ee2dd09c3babc7b3e13d13fa8d112c31230d180b9d7380dd5b7,4331
brain-tumor,val_1 (150).jpg,2abd50c9ba2397493e3293cd434ab94f59cd5c8f3178eb2832cecddde96cc5b3,2abd50c9ba2397493e3293cd434ab94f59cd5c8f3178eb2832cecddde96cc5b3,3927
brain-tumor,val_1 (152).jpg,799b934d6d49b7c0c7d903b8af93974efe0b06560698d681d83a19d8ea7de9bf,799b934d6d49b7c0c7d903b8af93974efe0b06560698d681d83a19d8ea7de9bf,4108
brain-tumor,val_1 (154).jpg,bf05386501703f98bc4c7c32dac271b683212d99851009380314877124025176,bf05386501703f98bc4c7c32dac271b683212d99851009380314877124025176,4367
brain-tumor,val_1 (155).jpg,9e32d97cc5f26b5ab6799c3347191ccd322d1f7ab85e9feeed55f732c2e9d708,9e32d97cc5f26b5ab6799c3347191ccd322d1f7ab85e9feeed55f732c2e9d708,4768
brain-tumor,val_1 (156).jpg,e8796f870a69a5f8609c53192e06c7490dd9006aabca1d3462a7c19d418ea358,e8796f870a69a5f8609c53192e06c7490dd9006aabca1d3462a7c19d418ea358,4577
brain-tumor,val_1 (158).jpg,9316579e7f449068f0a8f8cb51b08f520b12b40d593653251090c792b4230e27,9316579e7f449068f0a8f8cb51b08f520b12b40d593653251090c792b4230e27,4108
brain-tumor,val_1 (159).jpg,0d20f77b451051c8ced31bb26236ec5d420e6f9fb6617c5c1480d199f970592e,0d20f77b451051c8ced31bb26236ec5d420e6f9fb6617c5c1480d199f970592e,3671
brain-tumor,val_1 (160).jpg,4265786b91d9f68cacff523ca7a11b2201e11a7e27c15eb6b4e740a0d8c1c3db,4265786b91d9f68cacff523ca7a11b2201e11a7e27c15eb6b4e740a0d8c1c3db,4717
brain-tumor,val_1 (162).jpg,52ac9fe4936a815e55f84d357225aefcb05d36f2fe6b28c9df989aae0bb37ca6,52ac9fe4936a815e55f84d357225aefcb05d36f2fe6b28c9df989aae0bb37ca6,5048
brain-tumor,val_1 (164).jpg,bd2d17b78eaa2e7eafb603cde3d7cb47ba1ce32219b54ea25f696287b3f6b77b,bd2d17b78eaa2e7eafb603cde3d7cb47ba1ce32219b54ea25f696287b3f6b77b,5105
brain-tumor,val_1 (165).jpg,26cce5480b5ac924a2ee9da64e773b8bb9c2110227efcd5cd0c7be27c6a11521,26cce5480b5ac924a2ee9da64e773b8bb9c2110227efcd5cd0c7be27c6a11521,4343
brain-tumor,val_1 (167).jpg,d39b7896e65cffe6d5994aeb1e14c6d895ec3bf752e1377b04fc79355533e308,d39b7896e65cffe6d5994aeb1e14c6d895ec3bf752e1377b04fc79355533e308,5541
brain-tumor,val_1 (169).jpg,2016c52e3145e16f8f1d2faf8b7271884ba51c7aa115175df0b1790718709f17,2016c52e3145e16f8f1d2faf8b7271884ba51c7aa115175df0b1790718709f17,3945
brain-tumor,val_1 (170).jpg,d42299148493e16a3cc42d7e898e76a4145995041b2a642081be9d7f3804aee6,d42299148493e16a3cc42d7e898e76a4145995041b2a642081be9d7f3804aee6,4145
brain-tumor,val_1 (173).jpg,102dd8fb87a1721c47a518bbb3abfcc1a347fcb56b593942e2388d659e00180b,102dd8fb87a1721c47a518bbb3abfcc1a347fcb56b593942e2388d659e00180b,3913
brain-tumor,val_1 (175).jpg,2afe63dc5f8e1c7e84e6bd367b4df673a2c4d0a700f80c7ff6ae8db243b3eca0,2afe63dc5f8e1c7e84e6bd367b4df673a2c4d0a700f80c7ff6ae8db243b3eca0,4767
brain-tumor,val_1 (176).jpg,2a499c41eb06b9e986d6357870b4b4adf3eb75d33b4aa8246453789c04dc0849,2a499c41eb06b9e986d6357870b4b4adf3eb75d33b4aa8246453789c04dc0849,4515
brain-tumor,val_1 (177).jpg,ac5e604d982b6c42c4d0f6dce9043eb1ed5f39080649cecdddf4b901e8e09ad5,ac5e604d982b6c42c4d0f6dce9043eb1ed5f39080649cecdddf4b901e8e09ad5,4909
brain-tumor,val_1 (18).jpg,13deb44a1514fa7b537144d59b82587fd49cee36b6cdcc3d3932144a5341efb0,13deb44a1514fa7b537144d59b82587fd49cee36b6cdcc3d3932144a5341efb0,4858
brain-tumor,val_1 (180).jpg,08da70cee353e757dc0c8f2130e54e1610ab170236804da301105cc5ee3f8e68,08da70cee353e757dc0c8f2130e54e1610ab170236804da301105cc5ee3f8e68,4554
brain-tumor,val_1 (181).jpg,80f34fb491b5d9733f55de3bd4c5ae121d692ff8f037786d86e0c9ec391bf1ce,80f34fb491b5d9733f55de3bd4c5ae121d692ff8f037786d86e0c9ec391bf1ce,5115
brain-tumor,val_1 (185).jpg,bdd97000a6e1e269fffa9f1e35977a6d81f57c421b81a55fce14b237c3b5ad36,bdd97000a6e1e269fffa9f1e35977a6d81f57c421b81a55fce14b237c3b5ad36,5105
brain-tumor,val_1 (186).jpg,927ed50344389290996cefc78eaf26a03ea25c1689d0aefe40a161e59a5c8986,927ed50344389290996cefc78eaf26a03ea25c1689d0aefe40a161e59a5c8986,6203
brain-tumor,val_1 (187).jpg,6f7cf0c7a030e459879c9784f1cde028343cf4bec089dcd7e1e5e9bfd698bee9,6f7cf0c7a030e459879c9784f1cde028343cf4bec089dcd7e1e5e9bfd698bee9,6449
brain-tumor,val_1 (188).jpg,4c978aa562ec94f35fcbc0f7ec7bcf252dcc79e58500d5dd3ad4411f3df29d08,4c978aa562ec94f35fcbc0f7ec7bcf252dcc79e58500d5dd3ad4411f3df29d08,4780
brain-tumor,val_1 (189).jpg,9d71876f83d512360ded0daeb960dd9dbd91e3a6afb4330278856cde3bf6c7bd,9d71876f83d512360ded0daeb960dd9dbd91e3a6afb4330278856cde3bf6c7bd,5570
brain-tumor,val_1 (195).jpg,b6a71bbce1ad62ebd6a31c2808a6d577c5bf84a436d9dea1a5bc5296f56e2633,b6a71bbce1ad62ebd6a31c2808a6d577c5bf84a436d9dea1a5bc5296f56e2633,2525
brain-tumor,val_1 (196).jpg,90af38c24c83720398f46c0633f3301646aebad05da11d7aab097c97048ab502,90af38c24c83720398f46c0633f3301646aebad05da11d7aab097c97048ab502,2750
brain-tumor,val_1 (197).jpg,b7cfd80ab2f91440ce0edafbf564daa36343bf5b5847913f94dd79944be3b498,b7cfd80ab2f91440ce0edafbf564daa36343bf5b5847913f94dd79944be3b498,2259
brain-tumor,val_1 (20).jpg,33cbfabab47f8483dde06aaf6bcfe7ed73926313fad609c31c9e128eb86eb4cd,33cbfabab47f8483dde06aaf6bcfe7ed73926313fad609c31c9e128eb86eb4cd,4685
brain-tumor,val_1 (200).jpg,b562773ad64edfcd9f6675d82bbdb9dc196d88e04e6bb1becaade30159cc52a4,b562773ad64edfcd9f6675d82bbdb9dc196d88e04e6bb1becaade30159cc52a4,1960
brain-tumor,val_1 (201).jpg,36157beea317926bd6be3eb3a4ebb2e09db2dcc6ff07b629d9a11b06316545de,36157beea317926bd6be3eb3a4ebb2e09db2dcc6ff07b629d9a11b06316545de,1950
brain-tumor,val_1 (202).jpg,709fc5fb87c2937301e5ba4361481ed6875c01ebd16cf8f94cfb718618f80532,709fc5fb87c2937301e5ba4361481ed6875c01ebd16cf8f94cfb718618f80532,1848
brain-tumor,val_1 (203).jpg,635d53af3ded70a376c9a881ae2d3863acba296bd2c451068dc6ea93e00955fe,635d53af3ded70a376c9a881ae2d3863acba296bd2c451068dc6ea93e00955fe,1691
brain-tumor,val_1 (205).jpg,f421e2fa155f90d427d49e61fcf279b843ccb970af1b60b1e416915b7a0a91e4,f421e2fa155f90d427d49e61fcf279b843ccb970af1b60b1e416915b7a0a91e4,1889
brain-tumor,val_1 (206).jpg,776e1ec3d13e2fd352df1a7a354838fa78023ec30da683e4f4f0b64b85c3c3d7,776e1ec3d13e2fd352df1a7a354838fa78023ec30da683e4f4f0b64b85c3c3d7,1912
brain-tumor,val_1 (208).jpg,d957992a23bc2744e7352b1a7b858c0a9d1ff1df0707a3650b25e31f8280ad03,d957992a23bc2744e7352b1a7b858c0a9d1ff1df0707a3650b25e31f8280ad03,1724
brain-tumor,val_1 (209).jpg,92e7d7c66fda3be179dd9a38be47f0932afca91fbb542e14909b4ea81c2b238d,92e7d7c66fda3be179dd9a38be47f0932afca91fbb542e14909b4ea81c2b238d,1688
brain-tumor,val_1 (210).jpg,f4135a851b23b5ae9ff9659ff85a1b3ef63570b42cae3042bdea4d55db26299f,f4135a851b23b5ae9ff9659ff85a1b3ef63570b42cae3042bdea4d55db26299f,1564
brain-tumor,val_1 (211).jpg,84c8b93bd20f8368cc5b551cafac9552102d4749fedc5ce79592f5adbf4af6ab,84c8b93bd20f8368cc5b551cafac9552102d4749fedc5ce79592f5adbf4af6ab,2346
brain-tumor,val_1 (212).jpg,3f232b104ee4f94b91217818e4ebb71f869b2f1a3424777b571edecdbb2d18f2,3f232b104ee4f94b91217818e4ebb71f869b2f1a3424777b571edecdbb2d18f2,2448
brain-tumor,val_1 (213).jpg,a26098ba4dc694a0b1ab7fc2a3aa06bbe6dac0aac0684869a0d029e5d21f230e,a26098ba4dc694a0b1ab7fc2a3aa06bbe6dac0aac0684869a0d029e5d21f230e,2502
brain-tumor,val_1 (215).jpg,4e99d1381b2a19ed244e78a5866ede249e17ec90f3741952a0c9196c21d84af6,4e99d1381b2a19ed244e78a5866ede249e17ec90f3741952a0c9196c21d84af6,2252
brain-tumor,val_1 (217).jpg,ff5049c2ee6a4c63a9b799ac5ce8d7bc1e7feafbf6af234e8074eae45bb5f65b,ff5049c2ee6a4c63a9b799ac5ce8d7bc1e7feafbf6af234e8074eae45bb5f65b,1885
brain-tumor,val_1 (218).jpg,020bcb75acc54fb8c02402330d5c0248ef5f24ce6855f63187d49c7287c148ec,020bcb75acc54fb8c02402330d5c0248ef5f24ce6855f63187d49c7287c148ec,2103
brain-tumor,val_1 (22).jpg,22c7511d4f0561084aafc300247d0d3fcf602a69e4d2a4dddbf54ac573f67da2,22c7511d4f0561084aafc300247d0d3fcf602a69e4d2a4dddbf54ac573f67da2,4925
brain-tumor,val_1 (220).jpg,ebc51f3ea21d7057c8d5f465f83b83d63ddb1418333306ea6e7ade6221533d64,ebc51f3ea21d7057c8d5f465f83b83d63ddb1418333306ea6e7ade6221533d64,1812
brain-tumor,val_1 (222).jpg,32ce665db8edc43f96ff89949617ceb017195ae2cd5a244b978cd99c01ff1129,32ce665db8edc43f96ff89949617ceb017195ae2cd5a244b978cd99c01ff1129,5590
brain-tumor,val_1 (223).jpg,ce0fcad0103441e32530c8fa8313c56d3480bfa57c7b5ae5a354ef3d7934e69d,ce0fcad0103441e32530c8fa8313c56d3480bfa57c7b5ae5a354ef3d7934e69d,5391
brain-tumor,val_1 (23).jpg,4945bc4a9fb50535fdba1f43c1d654b38f57774041f6df0801aa53e6674f6634,4945bc4a9fb50535fdba1f43c1d654b38f57774041f6df0801aa53e6674f6634,5972
brain-tumor,val_1 (24).jpg,99633b5898f5ac2ccd80074395c3daa782276578724f8b2890ceb57ca477365a,99633b5898f5ac2ccd80074395c3daa782276578724f8b2890ceb57ca477365a,4008
brain-tumor,val_1 (26).jpg,a3dea1a2620641b80761122748eb549352b19ce8abc945e72c747bcc13f90261,a3dea1a2620641b80761122748eb549352b19ce8abc945e72c747bcc13f90261,2136
brain-tumor,val_1 (27).jpg,7b975e3d9dd88dcc5fac7c2114dd13cddc78773c557d6880c72fe33e1091008b,7b975e3d9dd88dcc5fac7c2114dd13cddc78773c557d6880c72fe33e1091008b,2225
brain-tumor,val_1 (28).jpg,6b4c304d3f4622eb179ae5fb0be17d2c8d96f2e5857ea056034280ec567fcbed,6b4c304d3f4622eb179ae5fb0be17d2c8d96f2e5857ea056034280ec567fcbed,6388
brain-tumor,val_1 (29).jpg,9c5e5142fc1561d323140db72e76b4c2439060955e5cf6f06d6b5acd2dc3c0bd,9c5e5142fc1561d323140db72e76b4c2439060955e5cf6f06d6b5acd2dc3c0bd,2248
brain-tumor,val_1 (3).jpg,c6b83e8dec7c7809e3d6ce99b581854c30eb238dae29400e16ac3d36e91bca92,c6b83e8dec7c7809e3d6ce99b581854c30eb238dae29400e16ac3d36e91bca92,4817
brain-tumor,val_1 (30).jpg,8f3496c4382b48baa47a561006b92b92cb4c1e607d532406b37e3e5364a59597,8f3496c4382b48baa47a561006b92b92cb4c1e607d532406b37e3e5364a59597,2201
brain-tumor,val_1 (31).jpg,9d86b92aef76df21e4a3ea96a428a8687665a4abd47f84dc8e98237807adc629,9d86b92aef76df21e4a3ea96a428a8687665a4abd47f84dc8e98237807adc629,2280
brain-tumor,val_1 (35).jpg,404916d2771d8ea3b0239aa1bbfd88c189aa4370d7c3ae2626d1064c6a37286f,404916d2771d8ea3b0239aa1bbfd88c189aa4370d7c3ae2626d1064c6a37286f,1920
brain-tumor,val_1 (36).jpg,3c96bfedcd40d2dde1af4e75e707786cb776a2822a129b382c316801ac3c31b5,3c96bfedcd40d2dde1af4e75e707786cb776a2822a129b382c316801ac3c31b5,1751
brain-tumor,val_1 (39).jpg,e6c26ba4cc42c3457825b8ebd77411b2b0bf99bba868e951a0c11f0e07f46b43,e6c26ba4cc42c3457825b8ebd77411b2b0bf99bba868e951a0c11f0e07f46b43,1746
brain-tumor,val_1 (40).jpg,7cd84252be24b7a4994493543e796736ef0c8c5cda862b97b0687554b46797c8,7cd84252be24b7a4994493543e796736ef0c8c5cda862b97b0687554b46797c8,1753
brain-tumor,val_1 (41).jpg,0c1b85df8e108feebc385ae69ff6216a41218193a1c9f22bc8f89ad1bf3d7f89,0c1b85df8e108feebc385ae69ff6216a41218193a1c9f22bc8f89ad1bf3d7f89,2228
brain-tumor,val_1 (44).jpg,50ab623d5aefd6944e99e0f02aea0b650d9ac29ab344f50bd995964fbff3d315,50ab623d5aefd6944e99e0f02aea0b650d9ac29ab344f50bd995964fbff3d315,4964
brain-tumor,val_1 (45).jpg,0824a80a70b84b73a1e4b10e2fdc8358ecb6a112239a3f5574eb781be00cba78,0824a80a70b84b73a1e4b10e2fdc8358ecb6a112239a3f5574eb781be00cba78,2319
brain-tumor,val_1 (46).jpg,e94c00d7b542ffd822231efced1848e1a0bc888ff4a6a7e91fd15485c55837a9,e94c00d7b542ffd822231efced1848e1a0bc888ff4a6a7e91fd15485c55837a9,2269
brain-tumor,val_1 (47).jpg,0e3812d76cb72a754fdecf3ffd7b8a38d4a6cbefaa95f37a7e0bb0af0e258d9a,0e3812d76cb72a754fdecf3ffd7b8a38d4a6cbefaa95f37a7e0bb0af0e258d9a,2210
brain-tumor,val_1 (50).jpg,2b0c87e430eebe8c1cbabf13f1471d3f2a2d9aa180ab5468e02d90abe7b95546,2b0c87e430eebe8c1cbabf13f1471d3f2a2d9aa180ab5468e02d90abe7b95546,2132
brain-tumor,val_1 (52).jpg,478527040db09cd41521abe2bd0c0ff14f408a90bcdf2776388d2e38b82d5c54,478527040db09cd41521abe2bd0c0ff14f408a90bcdf2776388d2e38b82d5c54,2151
brain-tumor,val_1 (53).jpg,7cb6a06a834fd8750a9d6c42c090d82c4a7d8f4803643c1effe0db049b91cdf5,7cb6a06a834fd8750a9d6c42c090d82c4a7d8f4803643c1effe0db049b91cdf5,2084
brain-tumor,val_1 (55).jpg,04c24d9e9ab84cefb2f29f8c88b1ce2b853ca6d4c47016d0ce88bc2b412645b4,04c24d9e9ab84cefb2f29f8c88b1ce2b853ca6d4c47016d0ce88bc2b412645b4,4916
brain-tumor,val_1 (57).jpg,8227125fbabe77d1e0b7f045c9b7c234510d6b7a3b1230e000137f878207fcfd,8227125fbabe77d1e0b7f045c9b7c234510d6b7a3b1230e000137f878207fcfd,4948
brain-tumor,val_1 (58).jpg,10fbe36b65c8f7d078bafedaac7589b916acabe6aea19fbc051a4b50358b289d,10fbe36b65c8f7d078bafedaac7589b916acabe6aea19fbc051a4b50358b289d,4346
brain-tumor,val_1 (6).jpg,3c9f8eafbb9eb28bbce9da00a7036c21c5799562e133e85faf9b0794ae85a197,3c9f8eafbb9eb28bbce9da00a7036c21c5799562e133e85faf9b0794ae85a197,4259
brain-tumor,val_1 (60).jpg,4028dd544d9b9b3ccf5506b7b8540a0dc030ff10542f2451465826ebb018e321,4028dd544d9b9b3ccf5506b7b8540a0dc030ff10542f2451465826ebb018e321,2331
brain-tumor,val_1 (64).jpg,b1bd5dc43e1180972ccf2b14bc2551d487eb9006baf73392093837d34e4fb555,b1bd5dc43e1180972ccf2b14bc2551d487eb9006baf73392093837d34e4fb555,5511
brain-tumor,val_1 (65).jpg,b32294bc8d27b9951fa75c2406dafae3d330c8398a6abd8001820fe8d789bd40,b32294bc8d27b9951fa75c2406dafae3d330c8398a6abd8001820fe8d789bd40,4867
brain-tumor,val_1 (67).jpg,39020284321b5720ec15127247bdee39dbadb7df156b8926161434f4fa9713ec,39020284321b5720ec15127247bdee39dbadb7df156b8926161434f4fa9713ec,6265
brain-tumor,val_1 (68).jpg,9413883cae1f5866a16a006e35cc5f4b0cd053bd41e1500512a027c21f3d2842,9413883cae1f5866a16a006e35cc5f4b0cd053bd41e1500512a027c21f3d2842,5052
brain-tumor,val_1 (7).jpg,7b15c3f121f580bb85885106236875ddced082fc8bdb10efaace34d188515fa6,7b15c3f121f580bb85885106236875ddced082fc8bdb10efaace34d188515fa6,4542
brain-tumor,val_1 (71).jpg,451ff6aeecbd7c183bdca7e216e3cdc1e520f4df4569e8e2cca537023e4ba0c3,451ff6aeecbd7c183bdca7e216e3cdc1e520f4df4569e8e2cca537023e4ba0c3,4602
brain-tumor,val_1 (73).jpg,d8585105dac7d5edab52ca11d11ba3f525cf4c7db0d81c543c84b699a7cd7231,d8585105dac7d5edab52ca11d11ba3f525cf4c7db0d81c543c84b699a7cd7231,2915
brain-tumor,val_1 (76).jpg,2318d20e52e1240156e0328c5b65a5cab44373fe27d93702358f1f3abd08e41c,2318d20e52e1240156e0328c5b65a5cab44373fe27d93702358f1f3abd08e41c,4870
brain-tumor,val_1 (78).jpg,b9316dda6193fed7360633a78f3494e7801916fba5cc28c2c8681186c0a4ba87,b9316dda6193fed7360633a78f3494e7801916fba5cc28c2c8681186c0a4ba87,2752
brain-tumor,val_1 (8).jpg,9191a2f1e5c8b3c1df015adaf14e6d88a39c6d3f20b57b61ab181b62b455891b,9191a2f1e5c8b3c1df015adaf14e6d88a39c6d3f20b57b61ab181b62b455891b,4690
brain-tumor,val_1 (82).jpg,f68256e0c22461444a857a141e5abd78cf89a275d8c897bf2995a8e9c3f9d5b2,f68256e0c22461444a857a141e5abd78cf89a275d8c897bf2995a8e9c3f9d5b2,5527
brain-tumor,val_1 (83).jpg,1df72159ea5b215a5fd2d0bc33f8ed1de80a57b26bada10a8dfc4da4fec68074,1df72159ea5b215a5fd2d0bc33f8ed1de80a57b26bada10a8dfc4da4fec68074,3465
brain-tumor,val_1 (84).jpg,d2ad0413dc38d431453b433401b113eec01ccbfce87c6bf59daa818818dec392,d2ad0413dc38d431453b433401b113eec01ccbfce87c6bf59daa818818dec392,3604
brain-tumor,val_1 (85).jpg,602d9485b94b2faf15f9cd4b9728bcba565f00d0f1ec7497a657b190ffc11786,602d9485b94b2faf15f9cd4b9728bcba565f00d0f1ec7497a657b190ffc11786,3570
brain-tumor,val_1 (89).jpg,c3d9d7a0384a2a99f2a84f0f9bb6538bb72f0fda59711f0bc9c4ee7027a76ef8,c3d9d7a0384a2a99f2a84f0f9bb6538bb72f0fda59711f0bc9c4ee7027a76ef8,1717
brain-tumor,val_1 (9).jpg,1d4e995389d68d83718b3020564ab46ea9142e378dfb61a80013f48f5f53630a,1d4e995389d68d83718b3020564ab46ea9142e378dfb61a80013f48f5f53630a,4614
brain-tumor,val_1 (90).jpg,f5d3caf58a9d4dba373d3a44eaa677232803040204fb364c06bde1b248deac3c,f5d3caf58a9d4dba373d3a44eaa677232803040204fb364c06bde1b248deac3c,1857
brain-tumor,val_1 (91).jpg,b66bf28d69eb6463abb97d9ebfec9973ba615a9ffcee590d04dd8396c741384e,b66bf28d69eb6463abb97d9ebfec9973ba615a9ffcee590d04dd8396c741384e,1879
brain-tumor,val_1 (92).jpg,033dd7aafddca1b8728c367b63997f9c251548f9a1b22c865ebf900289f4ac8e,033dd7aafddca1b8728c367b63997f9c251548f9a1b22c865ebf900289f4ac8e,1852
brain-tumor,val_1 (93).jpg,507d8d672a9ee05ac4878984590a1c6cc353666e43f4a235a27ded1fc4d6d540,507d8d672a9ee05ac4878984590a1c6cc353666e43f4a235a27ded1fc4d6d540,3967
brain-tumor,val_1 (94).jpg,6c524913dcadbdf40cd91e8afe63236c1c19eef41f6b3922fea14b1e96674e33,6c524913dcadbdf40cd91e8afe63236c1c19eef41f6b3922fea14b1e96674e33,3838
brain-tumor,val_1 (96).jpg,765bd750099d2dcbccf31b7cb854946a6f4e1b63da420f5efca9de553eb6915e,765bd750099d2dcbccf31b7cb854946a6f4e1b63da420f5efca9de553eb6915e,4768
brain-tumor,val_1 (97).jpg,fd0797037b3ab28f45a5c468e0574a66a51743951846800f4d840a7a328bcd1e,fd0797037b3ab28f45a5c468e0574a66a51743951846800f4d840a7a328bcd1e,2099
brain-tumor,val_1 (99).jpg,e3bc687bb6119525323ae2fbf01f2bacffca970330c670fd076869e7fd706202,e3bc687bb6119525323ae2fbf01f2bacffca970330c670fd076869e7fd706202,2307
