seed,comparison_type,a_key,b_key,metric,field,old_value,new_value,delta_new_minus_old,note
seed0,text_counterfactual_same_checkpoint,seed0__true-text__true-new17,seed0__true-text__zero,AP,point_official,0.00011833533219046677,0.00011833533219046677,0.0,
seed0,text_counterfactual_same_checkpoint,seed0__true-text__true-new17,seed0__true-text__zero,AP,mean_bootstrap,5.181556841835765e-05,0.00012158625948975166,6.977069107139402e-05,
seed0,text_counterfactual_same_checkpoint,seed0__true-text__true-new17,seed0__true-text__zero,AP,ci_low,2.2923827141529962e-06,5.729287043948483e-05,5.500048772533184e-05,
seed0,text_counterfactual_same_checkpoint,seed0__true-text__true-new17,seed0__true-text__zero,AP,ci_high,0.00011612853088729946,0.0002064772965575945,9.034876567029504e-05,
seed0,text_counterfactual_same_checkpoint,seed0__true-text__true-new17,seed0__true-text__zero,AP,prob_gt_0,0.981,0.998,0.017000000000000015,
seed0,text_counterfactual_same_checkpoint,seed0__true-text__true-new17,seed0__true-text__zero,AP50,point_official,0.00014975644097586782,0.00014975644097586782,0.0,
seed0,text_counterfactual_same_checkpoint,seed0__true-text__true-new17,seed0__true-text__zero,AP50,mean_bootstrap,6.863754328832547e-05,0.00015322115047833912,8.458360719001364e-05,
seed0,text_counterfactual_same_checkpoint,seed0__true-text__true-new17,seed0__true-text__zero,AP50,ci_low,-2.233122383482611e-06,7.460912288165256e-05,7.684224526513517e-05,CI sign changed: old(0) new(+)
seed0,text_counterfactual_same_checkpoint,seed0__true-text__true-new17,seed0__true-text__zero,AP50,ci_high,0.00015551379289988065,0.0002728439644218428,0.00011733017152196212,CI sign changed: old(0) new(+)
seed0,text_counterfactual_same_checkpoint,seed0__true-text__true-new17,seed0__true-text__zero,AP50,prob_gt_0,0.973,1.0,0.027000000000000024,
seed0,text_counterfactual_same_checkpoint,seed0__true-text__true-new17,seed0__true-text__wrong-new,AP,point_official,0.0007472001393442063,0.0007472001393442063,0.0,
seed0,text_counterfactual_same_checkpoint,seed0__true-text__true-new17,seed0__true-text__wrong-new,AP,mean_bootstrap,0.00028841797258899953,0.0006756517691376438,0.0003872337965486442,
seed0,text_counterfactual_same_checkpoint,seed0__true-text__true-new17,seed0__true-text__wrong-new,AP,ci_low,0.00012899477919983693,0.0004934220844107218,0.00036442730521088484,
seed0,text_counterfactual_same_checkpoint,seed0__true-text__true-new17,seed0__true-text__wrong-new,AP,ci_high,0.0004602761831187796,0.0008841736177300219,0.0004238974346112423,
seed0,text_counterfactual_same_checkpoint,seed0__true-text__true-new17,seed0__true-text__wrong-new,AP,prob_gt_0,0.997,1.0,0.0030000000000000027,
seed0,text_counterfactual_same_checkpoint,seed0__true-text__true-new17,seed0__true-text__wrong-new,AP50,point_official,0.0008841634367390827,0.0008841634367390827,0.0,
seed0,text_counterfactual_same_checkpoint,seed0__true-text__true-new17,seed0__true-text__wrong-new,AP50,mean_bootstrap,0.00035514601163417656,0.000821023253639789,0.00046587724200561245,
seed0,text_counterfactual_same_checkpoint,seed0__true-text__true-new17,seed0__true-text__wrong-new,AP50,ci_low,0.00016183819363196905,0.0005945041225686176,0.00043266592893664857,
seed0,text_counterfactual_same_checkpoint,seed0__true-text__true-new17,seed0__true-text__wrong-new,AP50,ci_high,0.0005569017374858765,0.0010565761121649753,0.0004996743746790988,
seed0,text_counterfactual_same_checkpoint,seed0__true-text__true-new17,seed0__true-text__wrong-new,AP50,prob_gt_0,0.999,1.0,0.0010000000000000009,
seed0,text_counterfactual_same_checkpoint,seed0__true-text__zero,seed0__true-text__wrong-new,AP,point_official,0.0006288648071537395,0.0006288648071537395,0.0,
seed0,text_counterfactual_same_checkpoint,seed0__true-text__zero,seed0__true-text__wrong-new,AP,mean_bootstrap,0.00023660240417064192,0.000554065509647892,0.00031746310547725007,
seed0,text_counterfactual_same_checkpoint,seed0__true-text__zero,seed0__true-text__wrong-new,AP,ci_low,8.904578033612498e-05,0.00039098831652117916,0.0003019425361850542,
seed0,text_counterfactual_same_checkpoint,seed0__true-text__zero,seed0__true-text__wrong-new,AP,ci_high,0.0003922505782870678,0.0007471766514312583,0.00035492607314419056,
seed0,text_counterfactual_same_checkpoint,seed0__true-text__zero,seed0__true-text__wrong-new,AP,prob_gt_0,0.995,1.0,0.0050000000000000044,
seed0,text_counterfactual_same_checkpoint,seed0__true-text__zero,seed0__true-text__wrong-new,AP50,point_official,0.0007344069957632149,0.0007344069957632149,0.0,
seed0,text_counterfactual_same_checkpoint,seed0__true-text__zero,seed0__true-text__wrong-new,AP50,mean_bootstrap,0.0002865084683458514,0.0006678021031614501,0.0003812936348155987,
seed0,text_counterfactual_same_checkpoint,seed0__true-text__zero,seed0__true-text__wrong-new,AP50,ci_low,0.00011534388123771167,0.00046039305834377764,0.000345049177106066,
seed0,text_counterfactual_same_checkpoint,seed0__true-text__zero,seed0__true-text__wrong-new,AP50,ci_high,0.0004741375810646542,0.0009053720372172447,0.0004312344561525905,
seed0,text_counterfactual_same_checkpoint,seed0__true-text__zero,seed0__true-text__wrong-new,AP50,prob_gt_0,0.997,1.0,0.0030000000000000027,
seed1,text_counterfactual_same_checkpoint,seed1__true-text__true-new17,seed1__true-text__zero,AP,point_official,-0.00018911921924075203,-0.00018911921924075203,0.0,
seed1,text_counterfactual_same_checkpoint,seed1__true-text__true-new17,seed1__true-text__zero,AP,mean_bootstrap,-7.947329492107922e-05,-0.00020074380874025554,-0.00012127051381917632,
seed1,text_counterfactual_same_checkpoint,seed1__true-text__true-new17,seed1__true-text__zero,AP,ci_low,-0.00022034253274427762,-0.0003805501100694886,-0.00016020757732521096,
seed1,text_counterfactual_same_checkpoint,seed1__true-text__true-new17,seed1__true-text__zero,AP,ci_high,4.945420379295906e-05,1.889504384999796e-05,-3.05591599429611e-05,
seed1,text_counterfactual_same_checkpoint,seed1__true-text__true-new17,seed1__true-text__zero,AP,prob_gt_0,0.139,0.034,-0.10500000000000001,
seed1,text_counterfactual_same_checkpoint,seed1__true-text__true-new17,seed1__true-text__zero,AP50,point_official,-0.00020738766520950191,-0.00020738766520950191,0.0,
seed1,text_counterfactual_same_checkpoint,seed1__true-text__true-new17,seed1__true-text__zero,AP50,mean_bootstrap,-0.00010740703932360226,-0.00028415382494858366,-0.0001767467856249814,
seed1,text_counterfactual_same_checkpoint,seed1__true-text__true-new17,seed1__true-text__zero,AP50,ci_low,-0.00031620741887611326,-0.0005062624600137289,-0.00019005504113761562,CI sign changed: old(0) new(-)
seed1,text_counterfactual_same_checkpoint,seed1__true-text__true-new17,seed1__true-text__zero,AP50,ci_high,9.582689953041568e-05,-5.681245543304181e-05,-0.00015263935496345749,CI sign changed: old(0) new(-)
seed1,text_counterfactual_same_checkpoint,seed1__true-text__true-new17,seed1__true-text__zero,AP50,prob_gt_0,0.156,0.014,-0.142,
seed1,text_counterfactual_same_checkpoint,seed1__true-text__true-new17,seed1__true-text__wrong-new,AP,point_official,0.0013533307457855304,0.0013533307457855304,0.0,
seed1,text_counterfactual_same_checkpoint,seed1__true-text__true-new17,seed1__true-text__wrong-new,AP,mean_bootstrap,0.0006179579182901256,0.0014163069216646758,0.0007983490033745502,
seed1,text_counterfactual_same_checkpoint,seed1__true-text__true-new17,seed1__true-text__wrong-new,AP,ci_low,0.0004425602399711903,0.0011129922390821223,0.000670431999110932,
seed1,text_counterfactual_same_checkpoint,seed1__true-text__true-new17,seed1__true-text__wrong-new,AP,ci_high,0.000876222699395468,0.0017570751798154927,0.0008808524804200246,
seed1,text_counterfactual_same_checkpoint,seed1__true-text__true-new17,seed1__true-text__wrong-new,AP,prob_gt_0,1.0,1.0,0.0,
seed1,text_counterfactual_same_checkpoint,seed1__true-text__true-new17,seed1__true-text__wrong-new,AP50,point_official,0.0016417541121635515,0.0016417541121635515,0.0,
seed1,text_counterfactual_same_checkpoint,seed1__true-text__true-new17,seed1__true-text__wrong-new,AP50,mean_bootstrap,0.0007534945166797832,0.0017036956326265242,0.0009502011159467409,
seed1,text_counterfactual_same_checkpoint,seed1__true-text__true-new17,seed1__true-text__wrong-new,AP50,ci_low,0.0005032595613336521,0.0013164683135100663,0.0008132087521764142,
seed1,text_counterfactual_same_checkpoint,seed1__true-text__true-new17,seed1__true-text__wrong-new,AP50,ci_high,0.0010469291139844072,0.0021114101995489687,0.0010644810855645614,
seed1,text_counterfactual_same_checkpoint,seed1__true-text__true-new17,seed1__true-text__wrong-new,AP50,prob_gt_0,1.0,1.0,0.0,
seed1,text_counterfactual_same_checkpoint,seed1__true-text__zero,seed1__true-text__wrong-new,AP,point_official,0.0015424499650262824,0.0015424499650262824,0.0,
seed1,text_counterfactual_same_checkpoint,seed1__true-text__zero,seed1__true-text__wrong-new,AP,mean_bootstrap,0.0006974312132112046,0.0016170507304049335,0.0009196195171937288,
seed1,text_counterfactual_same_checkpoint,seed1__true-text__zero,seed1__true-text__wrong-new,AP,ci_low,0.0004677857003466124,0.0012542547745571508,0.0007864690742105385,
seed1,text_counterfactual_same_checkpoint,seed1__true-text__zero,seed1__true-text__wrong-new,AP,ci_high,0.0009803634989669352,0.002017254400857482,0.001036890901890547,
seed1,text_counterfactual_same_checkpoint,seed1__true-text__zero,seed1__true-text__wrong-new,AP,prob_gt_0,1.0,1.0,0.0,
seed1,text_counterfactual_same_checkpoint,seed1__true-text__zero,seed1__true-text__wrong-new,AP50,point_official,0.0018491417773730534,0.0018491417773730534,0.0,
seed1,text_counterfactual_same_checkpoint,seed1__true-text__zero,seed1__true-text__wrong-new,AP50,mean_bootstrap,0.0008609015560033859,0.0019878494575751057,0.0011269479015717197,
seed1,text_counterfactual_same_checkpoint,seed1__true-text__zero,seed1__true-text__wrong-new,AP50,ci_low,0.0005471951828473209,0.0015378382943201374,0.0009906431114728165,
seed1,text_counterfactual_same_checkpoint,seed1__true-text__zero,seed1__true-text__wrong-new,AP50,ci_high,0.0012124445302046927,0.0024592302288636847,0.001246785698658992,
seed1,text_counterfactual_same_checkpoint,seed1__true-text__zero,seed1__true-text__wrong-new,AP50,prob_gt_0,1.0,1.0,0.0,
seed2,text_counterfactual_same_checkpoint,seed2__true-text__true-new17,seed2__true-text__zero,AP,point_official,-0.00019847561129399116,-0.00019847561129399116,0.0,
seed2,text_counterfactual_same_checkpoint,seed2__true-text__true-new17,seed2__true-text__zero,AP,mean_bootstrap,-8.439540576169252e-05,-0.0001969694644568954,-0.00011257405869520288,
seed2,text_counterfactual_same_checkpoint,seed2__true-text__true-new17,seed2__true-text__zero,AP,ci_low,-0.00014536901099682087,-0.0002956365966640395,-0.00015026758566721865,
seed2,text_counterfactual_same_checkpoint,seed2__true-text__true-new17,seed2__true-text__zero,AP,ci_high,-2.7664907257946014e-05,-0.00011617070436747978,-8.850579710953377e-05,
seed2,text_counterfactual_same_checkpoint,seed2__true-text__true-new17,seed2__true-text__zero,AP,prob_gt_0,0.004,0.0,-0.004,
seed2,text_counterfactual_same_checkpoint,seed2__true-text__true-new17,seed2__true-text__zero,AP50,point_official,-0.0001722974707665803,-0.0001722974707665803,0.0,
seed2,text_counterfactual_same_checkpoint,seed2__true-text__true-new17,seed2__true-text__zero,AP50,mean_bootstrap,-0.0001014197200451535,-0.00022275518015442812,-0.00012133546010927462,
seed2,text_counterfactual_same_checkpoint,seed2__true-text__true-new17,seed2__true-text__zero,AP50,ci_low,-0.00018225975086266777,-0.000346864284007653,-0.00016460453314498524,
seed2,text_counterfactual_same_checkpoint,seed2__true-text__true-new17,seed2__true-text__zero,AP50,ci_high,-2.8564926281310354e-05,-0.00012991591541877678,-0.00010135098913746643,
seed2,text_counterfactual_same_checkpoint,seed2__true-text__true-new17,seed2__true-text__zero,AP50,prob_gt_0,0.006,0.0,-0.006,
seed2,text_counterfactual_same_checkpoint,seed2__true-text__true-new17,seed2__true-text__wrong-new,AP,point_official,0.0001840370466438257,0.0001840370466438257,0.0,
seed2,text_counterfactual_same_checkpoint,seed2__true-text__true-new17,seed2__true-text__wrong-new,AP,mean_bootstrap,8.011991581633987e-05,0.00017915654929891823,9.903663348257836e-05,
seed2,text_counterfactual_same_checkpoint,seed2__true-text__true-new17,seed2__true-text__wrong-new,AP,ci_low,3.586702266722419e-05,9.955733564609437e-05,6.369031297887018e-05,
seed2,text_counterfactual_same_checkpoint,seed2__true-text__true-new17,seed2__true-text__wrong-new,AP,ci_high,0.0001414481522601374,0.0002948084937744455,0.0001533603415143081,
seed2,text_counterfactual_same_checkpoint,seed2__true-text__true-new17,seed2__true-text__wrong-new,AP,prob_gt_0,1.0,1.0,0.0,
seed2,text_counterfactual_same_checkpoint,seed2__true-text__true-new17,seed2__true-text__wrong-new,AP50,point_official,0.0001927088260326726,0.0001927088260326726,0.0,
seed2,text_counterfactual_same_checkpoint,seed2__true-text__true-new17,seed2__true-text__wrong-new,AP50,mean_bootstrap,0.00010018356260140498,0.00020840306845349555,0.00010821950585209056,
seed2,text_counterfactual_same_checkpoint,seed2__true-text__true-new17,seed2__true-text__wrong-new,AP50,ci_low,3.018414750344256e-05,9.646210702196623e-05,6.627795951852367e-05,
seed2,text_counterfactual_same_checkpoint,seed2__true-text__true-new17,seed2__true-text__wrong-new,AP50,ci_high,0.00019654682384065425,0.00035312966567591086,0.00015658284183525661,
seed2,text_counterfactual_same_checkpoint,seed2__true-text__true-new17,seed2__true-text__wrong-new,AP50,prob_gt_0,0.998,0.998,0.0,
seed2,text_counterfactual_same_checkpoint,seed2__true-text__zero,seed2__true-text__wrong-new,AP,point_official,0.00038251265793781686,0.00038251265793781686,0.0,
seed2,text_counterfactual_same_checkpoint,seed2__true-text__zero,seed2__true-text__wrong-new,AP,mean_bootstrap,0.00016451532157803233,0.0003761260137558136,0.00021161069217778128,
seed2,text_counterfactual_same_checkpoint,seed2__true-text__zero,seed2__true-text__wrong-new,AP,ci_low,9.799181228281606e-05,0.00026055434730781757,0.0001625625350250015,
seed2,text_counterfactual_same_checkpoint,seed2__true-text__zero,seed2__true-text__wrong-new,AP,ci_high,0.0002389300884239054,0.0005276707043318507,0.0002887406159079453,
seed2,text_counterfactual_same_checkpoint,seed2__true-text__zero,seed2__true-text__wrong-new,AP,prob_gt_0,1.0,1.0,0.0,
seed2,text_counterfactual_same_checkpoint,seed2__true-text__zero,seed2__true-text__wrong-new,AP50,point_official,0.0003650062967992529,0.0003650062967992529,0.0,
seed2,text_counterfactual_same_checkpoint,seed2__true-text__zero,seed2__true-text__wrong-new,AP50,mean_bootstrap,0.0002016032826465585,0.0004311582486079237,0.0002295549659613652,
seed2,text_counterfactual_same_checkpoint,seed2__true-text__zero,seed2__true-text__wrong-new,AP50,ci_low,0.00010438781200555747,0.0002814774852799018,0.00017708967327434433,
seed2,text_counterfactual_same_checkpoint,seed2__true-text__zero,seed2__true-text__wrong-new,AP50,ci_high,0.00031775592192806457,0.0006116231175701259,0.0002938671956420613,
seed2,text_counterfactual_same_checkpoint,seed2__true-text__zero,seed2__true-text__wrong-new,AP50,prob_gt_0,1.0,1.0,0.0,
seed0,routing_descriptive_mixed,seed0__deterministic-random-routing__native-random,seed0__true-text__true-new17,AP,point_official,-0.002964401365117997,-0.002964401365117997,0.0,
seed0,routing_descriptive_mixed,seed0__deterministic-random-routing__native-random,seed0__true-text__true-new17,AP,mean_bootstrap,-0.001553439697757551,-0.0025807392277996774,-0.0010272995300421265,
seed0,routing_descriptive_mixed,seed0__deterministic-random-routing__native-random,seed0__true-text__true-new17,AP,ci_low,-0.0032774966047861703,-0.005607636300911711,-0.002330139696125541,
seed0,routing_descriptive_mixed,seed0__deterministic-random-routing__native-random,seed0__true-text__true-new17,AP,ci_high,0.00016213172303737589,0.0006585029282969446,0.0004963712052595687,
seed0,routing_descriptive_mixed,seed0__deterministic-random-routing__native-random,seed0__true-text__true-new17,AP,prob_gt_0,0.041,0.055,0.013999999999999999,
seed0,routing_descriptive_mixed,seed0__deterministic-random-routing__native-random,seed0__true-text__true-new17,AP50,point_official,-0.0029187907911841227,-0.0029187907911841227,0.0,
seed0,routing_descriptive_mixed,seed0__deterministic-random-routing__native-random,seed0__true-text__true-new17,AP50,mean_bootstrap,-0.0019383786266346072,-0.002514970766337354,-0.0005765921397027467,
seed0,routing_descriptive_mixed,seed0__deterministic-random-routing__native-random,seed0__true-text__true-new17,AP50,ci_low,-0.004150264025680861,-0.006157148140487734,-0.002006884114806873,
seed0,routing_descriptive_mixed,seed0__deterministic-random-routing__native-random,seed0__true-text__true-new17,AP50,ci_high,0.0003391293004998963,0.0012852578800168768,0.0009461285795169805,
seed0,routing_descriptive_mixed,seed0__deterministic-random-routing__native-random,seed0__true-text__true-new17,AP50,prob_gt_0,0.044,0.097,0.053000000000000005,
seed0,routing_descriptive_mixed,seed0__fixed-balanced-routing__native-fixed,seed0__true-text__true-new17,AP,point_official,0.0028600994714060857,0.0028600994714060857,0.0,
seed0,routing_descriptive_mixed,seed0__fixed-balanced-routing__native-fixed,seed0__true-text__true-new17,AP,mean_bootstrap,0.0007490886714719251,0.0031898487863422035,0.0024407601148702784,
seed0,routing_descriptive_mixed,seed0__fixed-balanced-routing__native-fixed,seed0__true-text__true-new17,AP,ci_low,-0.0009416918442537586,6.43291238413557e-05,0.0010060209680951143,CI sign changed: old(0) new(+)
seed0,routing_descriptive_mixed,seed0__fixed-balanced-routing__native-fixed,seed0__true-text__true-new17,AP,ci_high,0.002824587909981857,0.0064852447655082135,0.0036606568555263563,CI sign changed: old(0) new(+)
seed0,routing_descriptive_mixed,seed0__fixed-balanced-routing__native-fixed,seed0__true-text__true-new17,AP,prob_gt_0,0.775,0.977,0.20199999999999996,
seed0,routing_descriptive_mixed,seed0__fixed-balanced-routing__native-fixed,seed0__true-text__true-new17,AP50,point_official,0.003668322734486529,0.003668322734486529,0.0,
seed0,routing_descriptive_mixed,seed0__fixed-balanced-routing__native-fixed,seed0__true-text__true-new17,AP50,mean_bootstrap,0.0005041804730606115,0.004025733774964508,0.003521553301903896,
seed0,routing_descriptive_mixed,seed0__fixed-balanced-routing__native-fixed,seed0__true-text__true-new17,AP50,ci_low,-0.0016303033889778773,7.737279528857721e-05,0.0017076761842664545,CI sign changed: old(0) new(+)
seed0,routing_descriptive_mixed,seed0__fixed-balanced-routing__native-fixed,seed0__true-text__true-new17,AP50,ci_high,0.0030910870194954254,0.007883845040432824,0.004792758020937399,CI sign changed: old(0) new(+)
seed0,routing_descriptive_mixed,seed0__fixed-balanced-routing__native-fixed,seed0__true-text__true-new17,AP50,prob_gt_0,0.65,0.977,0.32699999999999996,
seed0,routing_descriptive_mixed,seed0__fixed-balanced-routing__native-fixed,seed0__deterministic-random-routing__native-random,AP,point_official,0.0058245008365240825,0.0058245008365240825,0.0,
seed0,routing_descriptive_mixed,seed0__fixed-balanced-routing__native-fixed,seed0__deterministic-random-routing__native-random,AP,mean_bootstrap,0.002302528369229474,0.005770588014141878,0.0034680596449124038,
seed0,routing_descriptive_mixed,seed0__fixed-balanced-routing__native-fixed,seed0__deterministic-random-routing__native-random,AP,ci_low,0.0004373683714207349,0.002557250131397404,0.002119881759976669,
seed0,routing_descriptive_mixed,seed0__fixed-balanced-routing__native-fixed,seed0__deterministic-random-routing__native-random,AP,ci_high,0.004423722268557806,0.008940169186261004,0.0045164469177031985,
seed0,routing_descriptive_mixed,seed0__fixed-balanced-routing__native-fixed,seed0__deterministic-random-routing__native-random,AP,prob_gt_0,0.989,1.0,0.01100000000000001,
seed0,routing_descriptive_mixed,seed0__fixed-balanced-routing__native-fixed,seed0__deterministic-random-routing__native-random,AP50,point_official,0.0065871135256706514,0.0065871135256706514,0.0,
seed0,routing_descriptive_mixed,seed0__fixed-balanced-routing__native-fixed,seed0__deterministic-random-routing__native-random,AP50,mean_bootstrap,0.0024425590996952178,0.006540704541301864,0.004098145441606646,
seed0,routing_descriptive_mixed,seed0__fixed-balanced-routing__native-fixed,seed0__deterministic-random-routing__native-random,AP50,ci_low,0.00021203031172484232,0.0029246976703149463,0.002712667358590104,
seed0,routing_descriptive_mixed,seed0__fixed-balanced-routing__native-fixed,seed0__deterministic-random-routing__native-random,AP50,ci_high,0.004960033034546563,0.010543078195748512,0.005583045161201949,
seed0,routing_descriptive_mixed,seed0__fixed-balanced-routing__native-fixed,seed0__deterministic-random-routing__native-random,AP50,prob_gt_0,0.979,1.0,0.02100000000000002,
seed1,routing_descriptive_mixed,seed1__deterministic-random-routing__native-random,seed1__true-text__true-new17,AP,point_official,0.005891102219793443,0.005891102219793443,0.0,
seed1,routing_descriptive_mixed,seed1__deterministic-random-routing__native-random,seed1__true-text__true-new17,AP,mean_bootstrap,0.0029057090662540025,0.006201902809011662,0.0032961937427576594,
seed1,routing_descriptive_mixed,seed1__deterministic-random-routing__native-random,seed1__true-text__true-new17,AP,ci_low,0.0006077339434628071,0.0024413782784246107,0.0018336443349618037,
seed1,routing_descriptive_mixed,seed1__deterministic-random-routing__native-random,seed1__true-text__true-new17,AP,ci_high,0.005235918705608855,0.010250153073561086,0.0050142343679522305,
seed1,routing_descriptive_mixed,seed1__deterministic-random-routing__native-random,seed1__true-text__true-new17,AP,prob_gt_0,0.992,0.999,0.007000000000000006,
seed1,routing_descriptive_mixed,seed1__deterministic-random-routing__native-random,seed1__true-text__true-new17,AP50,point_official,0.005025551580255194,0.005025551580255194,0.0,
seed1,routing_descriptive_mixed,seed1__deterministic-random-routing__native-random,seed1__true-text__true-new17,AP50,mean_bootstrap,0.0025733014947472693,0.005338380647548057,0.002765079152800788,
seed1,routing_descriptive_mixed,seed1__deterministic-random-routing__native-random,seed1__true-text__true-new17,AP50,ci_low,-0.0003045114692968587,0.001021251545722135,0.0013257630150189936,CI sign changed: old(0) new(+)
seed1,routing_descriptive_mixed,seed1__deterministic-random-routing__native-random,seed1__true-text__true-new17,AP50,ci_high,0.005513038224949363,0.010375867933636596,0.004862829708687233,CI sign changed: old(0) new(+)
seed1,routing_descriptive_mixed,seed1__deterministic-random-routing__native-random,seed1__true-text__true-new17,AP50,prob_gt_0,0.956,0.99,0.03400000000000003,
seed1,routing_descriptive_mixed,seed1__fixed-balanced-routing__native-fixed,seed1__true-text__true-new17,AP,point_official,0.012845272718256306,0.012845272718256306,0.0,
seed1,routing_descriptive_mixed,seed1__fixed-balanced-routing__native-fixed,seed1__true-text__true-new17,AP,mean_bootstrap,0.00588794418285238,0.0128905051264982,0.007002560943645821,
seed1,routing_descriptive_mixed,seed1__fixed-balanced-routing__native-fixed,seed1__true-text__true-new17,AP,ci_low,0.00386919715591047,0.009616769569288919,0.005747572413378449,
seed1,routing_descriptive_mixed,seed1__fixed-balanced-routing__native-fixed,seed1__true-text__true-new17,AP,ci_high,0.007964305350686679,0.016364589091642512,0.008400283740955833,
seed1,routing_descriptive_mixed,seed1__fixed-balanced-routing__native-fixed,seed1__true-text__true-new17,AP,prob_gt_0,1.0,1.0,0.0,
seed1,routing_descriptive_mixed,seed1__fixed-balanced-routing__native-fixed,seed1__true-text__true-new17,AP50,point_official,0.013878259248483849,0.013878259248483849,0.0,
seed1,routing_descriptive_mixed,seed1__fixed-balanced-routing__native-fixed,seed1__true-text__true-new17,AP50,mean_bootstrap,0.006399413647347463,0.013810031738010771,0.007410618090663308,
seed1,routing_descriptive_mixed,seed1__fixed-balanced-routing__native-fixed,seed1__true-text__true-new17,AP50,ci_low,0.003899230794468883,0.009758956358296045,0.005859725563827162,
seed1,routing_descriptive_mixed,seed1__fixed-balanced-routing__native-fixed,seed1__true-text__true-new17,AP50,ci_high,0.00898027941624549,0.018256738990442778,0.009276459574197288,
seed1,routing_descriptive_mixed,seed1__fixed-balanced-routing__native-fixed,seed1__true-text__true-new17,AP50,prob_gt_0,1.0,1.0,0.0,
seed1,routing_descriptive_mixed,seed1__fixed-balanced-routing__native-fixed,seed1__deterministic-random-routing__native-random,AP,point_official,0.006954170498462864,0.006954170498462864,0.0,
seed1,routing_descriptive_mixed,seed1__fixed-balanced-routing__native-fixed,seed1__deterministic-random-routing__native-random,AP,mean_bootstrap,0.0029822351165983726,0.006688602317486556,0.0037063672008881836,
seed1,routing_descriptive_mixed,seed1__fixed-balanced-routing__native-fixed,seed1__deterministic-random-routing__native-random,AP,ci_low,0.0004932676413491044,0.0028220030246640104,0.002328735383314906,
seed1,routing_descriptive_mixed,seed1__fixed-balanced-routing__native-fixed,seed1__deterministic-random-routing__native-random,AP,ci_high,0.005431968019888933,0.010515484799774433,0.0050835167798855,
seed1,routing_descriptive_mixed,seed1__fixed-balanced-routing__native-fixed,seed1__deterministic-random-routing__native-random,AP,prob_gt_0,0.99,1.0,0.010000000000000009,
seed1,routing_descriptive_mixed,seed1__fixed-balanced-routing__native-fixed,seed1__deterministic-random-routing__native-random,AP50,point_official,0.008852707668228654,0.008852707668228654,0.0,
seed1,routing_descriptive_mixed,seed1__fixed-balanced-routing__native-fixed,seed1__deterministic-random-routing__native-random,AP50,mean_bootstrap,0.003826112152600193,0.008471651090462719,0.004645538937862527,
seed1,routing_descriptive_mixed,seed1__fixed-balanced-routing__native-fixed,seed1__deterministic-random-routing__native-random,AP50,ci_low,0.0009578464932389896,0.003736402169411346,0.002778555676172356,
seed1,routing_descriptive_mixed,seed1__fixed-balanced-routing__native-fixed,seed1__deterministic-random-routing__native-random,AP50,ci_high,0.00691094088869354,0.013006197179275925,0.006095256290582385,
seed1,routing_descriptive_mixed,seed1__fixed-balanced-routing__native-fixed,seed1__deterministic-random-routing__native-random,AP50,prob_gt_0,0.993,1.0,0.007000000000000006,
seed2,routing_descriptive_mixed,seed2__deterministic-random-routing__native-random,seed2__true-text__true-new17,AP,point_official,0.0035103750622569874,0.0035103750622569874,0.0,
seed2,routing_descriptive_mixed,seed2__deterministic-random-routing__native-random,seed2__true-text__true-new17,AP,mean_bootstrap,0.0020305310096811113,0.0036393363131190654,0.001608805303437954,
seed2,routing_descriptive_mixed,seed2__deterministic-random-routing__native-random,seed2__true-text__true-new17,AP,ci_low,0.0005864210866561304,0.0007574935039493247,0.00017107241729319433,
seed2,routing_descriptive_mixed,seed2__deterministic-random-routing__native-random,seed2__true-text__true-new17,AP,ci_high,0.003616599662041836,0.0066947436510568226,0.0030781439890149864,
seed2,routing_descriptive_mixed,seed2__deterministic-random-routing__native-random,seed2__true-text__true-new17,AP,prob_gt_0,0.996,0.995,-0.0010000000000000009,
seed2,routing_descriptive_mixed,seed2__deterministic-random-routing__native-random,seed2__true-text__true-new17,AP50,point_official,0.003309321241766805,0.003309321241766805,0.0,
seed2,routing_descriptive_mixed,seed2__deterministic-random-routing__native-random,seed2__true-text__true-new17,AP50,mean_bootstrap,0.002276008751767354,0.0036369466440758147,0.0013609378923084606,
seed2,routing_descriptive_mixed,seed2__deterministic-random-routing__native-random,seed2__true-text__true-new17,AP50,ci_low,0.00022940415179451001,2.3946970112986854e-06,-0.00022700945478321133,
seed2,routing_descriptive_mixed,seed2__deterministic-random-routing__native-random,seed2__true-text__true-new17,AP50,ci_high,0.004324671840308297,0.007440300872946004,0.0031156290326377067,
seed2,routing_descriptive_mixed,seed2__deterministic-random-routing__native-random,seed2__true-text__true-new17,AP50,prob_gt_0,0.988,0.977,-0.01100000000000001,
seed2,routing_descriptive_mixed,seed2__fixed-balanced-routing__native-fixed,seed2__true-text__true-new17,AP,point_official,-0.00669743340447998,-0.00669743340447998,0.0,
seed2,routing_descriptive_mixed,seed2__fixed-balanced-routing__native-fixed,seed2__true-text__true-new17,AP,mean_bootstrap,-0.003131963491089672,-0.006801028399235031,-0.003669064908145359,
seed2,routing_descriptive_mixed,seed2__fixed-balanced-routing__native-fixed,seed2__true-text__true-new17,AP,ci_low,-0.005024204153019712,-0.010242726852800255,-0.005218522699780542,
seed2,routing_descriptive_mixed,seed2__fixed-balanced-routing__native-fixed,seed2__true-text__true-new17,AP,ci_high,-0.0014609438019758808,-0.003161736215586075,-0.0017007924136101943,
seed2,routing_descriptive_mixed,seed2__fixed-balanced-routing__native-fixed,seed2__true-text__true-new17,AP,prob_gt_0,0.0,0.0,0.0,
seed2,routing_descriptive_mixed,seed2__fixed-balanced-routing__native-fixed,seed2__true-text__true-new17,AP50,point_official,-0.011016836468486224,-0.011016836468486224,0.0,
seed2,routing_descriptive_mixed,seed2__fixed-balanced-routing__native-fixed,seed2__true-text__true-new17,AP50,mean_bootstrap,-0.005268702766217917,-0.010964426898884386,-0.005695724132666469,
seed2,routing_descriptive_mixed,seed2__fixed-balanced-routing__native-fixed,seed2__true-text__true-new17,AP50,ci_low,-0.007766573314680614,-0.015591803761833278,-0.007825230447152665,
seed2,routing_descriptive_mixed,seed2__fixed-balanced-routing__native-fixed,seed2__true-text__true-new17,AP50,ci_high,-0.002843127307870591,-0.006401674314754913,-0.0035585470068843217,
seed2,routing_descriptive_mixed,seed2__fixed-balanced-routing__native-fixed,seed2__true-text__true-new17,AP50,prob_gt_0,0.0,0.0,0.0,
seed2,routing_descriptive_mixed,seed2__fixed-balanced-routing__native-fixed,seed2__deterministic-random-routing__native-random,AP,point_official,-0.010207808466736967,-0.010207808466736967,0.0,
seed2,routing_descriptive_mixed,seed2__fixed-balanced-routing__native-fixed,seed2__deterministic-random-routing__native-random,AP,mean_bootstrap,-0.005162494500770777,-0.010440364712354098,-0.005277870211583321,
seed2,routing_descriptive_mixed,seed2__fixed-balanced-routing__native-fixed,seed2__deterministic-random-routing__native-random,AP,ci_low,-0.0071484263406342285,-0.014158682788611543,-0.007010256447977314,
seed2,routing_descriptive_mixed,seed2__fixed-balanced-routing__native-fixed,seed2__deterministic-random-routing__native-random,AP,ci_high,-0.003314951018758297,-0.006902948832765932,-0.0035879978140076346,
seed2,routing_descriptive_mixed,seed2__fixed-balanced-routing__native-fixed,seed2__deterministic-random-routing__native-random,AP,prob_gt_0,0.0,0.0,0.0,
seed2,routing_descriptive_mixed,seed2__fixed-balanced-routing__native-fixed,seed2__deterministic-random-routing__native-random,AP50,point_official,-0.014326157710253029,-0.014326157710253029,0.0,
seed2,routing_descriptive_mixed,seed2__fixed-balanced-routing__native-fixed,seed2__deterministic-random-routing__native-random,AP50,mean_bootstrap,-0.007544711517985269,-0.014601373542960192,-0.007056662024974922,
seed2,routing_descriptive_mixed,seed2__fixed-balanced-routing__native-fixed,seed2__deterministic-random-routing__native-random,AP50,ci_low,-0.010163062307742582,-0.019190482724534996,-0.009027420416792414,
seed2,routing_descriptive_mixed,seed2__fixed-balanced-routing__native-fixed,seed2__deterministic-random-routing__native-random,AP50,ci_high,-0.005054812871611497,-0.009915227787052783,-0.004860414915441286,
seed2,routing_descriptive_mixed,seed2__fixed-balanced-routing__native-fixed,seed2__deterministic-random-routing__native-random,AP50,prob_gt_0,0.0,0.0,0.0,
